tick,cpu_usage,food_injected
0,0.3674,371
100,0.0000,500
200,0.3347,382
300,0.2324,418
400,0.2823,401
500,0.3069,392
600,0.2941,397
700,0.2888,398
800,0.2529,411
900,0.2358,417
1000,0.2437,414
1100,0.2783,402
1200,0.2571,410
1300,0.3052,393
1400,0.2273,420
1500,0.3083,392
1600,1.0000,150
1700,0.5681,301
1800,0.2906,398
1900,0.1722,439
2000,0.1230,456
2100,0.2672,406
2200,0.2937,397
2300,0.2789,402
2400,1.0000,150
2500,1.0000,150
2600,0.5930,292
2700,1.0000,150
2800,0.7535,236
2900,1.0000,150
3000,0.5844,295
3100,0.4860,329
3200,0.1837,435
3300,1.0000,150
3400,0.6356,277
3500,1.0000,150
3600,0.6377,276
3700,1.0000,150
3800,0.5964,291
3900,1.0000,150
4000,0.5997,290
4100,1.0000,150
4200,0.5761,298
4300,0.6280,280
4400,1.0000,150
4500,0.6305,279
4600,1.0000,150
4700,1.0000,150
4800,0.6244,281
4900,0.2817,401
5000,1.0000,150
5100,0.5898,293
5200,0.2110,426
5300,0.2407,415
5400,0.5431,309
5500,1.0000,150
5600,1.0000,150
5700,0.7559,235
5800,1.0000,150
5900,0.4864,329
6000,1.0000,150
6100,0.5934,292
6200,1.0000,150
6300,0.5993,290
6400,1.0000,150
6500,0.5864,294
6600,1.0000,150
6700,0.6113,286
6800,0.1916,432
6900,1.0000,150
7000,0.5755,298
7100,0.5990,290
7200,1.0000,150
7300,0.6146,284
7400,1.0000,150
7500,1.0000,150
7600,0.7111,251
7700,0.2324,418
7800,1.0000,150
7900,1.0000,150
8000,1.0000,150
8100,0.7140,250
8200,0.2605,408
8300,0.1417,450
8400,1.0000,150
8500,0.6999,255
8600,1.0000,150
8700,0.5860,294
8800,1.0000,150
8900,1.0000,150
9000,0.7442,239
9100,1.0000,150
9200,0.6309,279
9300,1.0000,150
9400,1.0000,150
9500,0.6299,279
9600,1.0000,150
9700,0.6279,280
9800,1.0000,150
9900,1.0000,150
10000,0.7472,238
10100,1.0000,150
10200,1.0000,150
10300,0.3672,371
10400,0.6117,285
10500,1.0000,150
10600,0.6149,284
10700,0.1687,440
10800,1.0000,150
10900,0.5838,295
11000,1.0000,150
11100,1.0000,150
11200,0.7471,238
11300,1.0000,150
11400,0.6580,269
11500,1.0000,150
11600,0.1081,462
11700,0.4813,331
11800,0.3512,377
11900,1.0000,150
12000,0.5689,300
12100,1.0000,150
12200,0.7371,241
12300,1.0000,150
12400,0.6652,267
12500,1.0000,150
12600,0.2990,395
12700,0.2457,413
12800,1.0000,150
12900,0.6529,271
13000,1.0000,150
13100,0.6502,272
13200,1.0000,150
13300,0.5738,299
13400,1.0000,150
13500,0.6112,286
13600,1.0000,150
13700,0.5318,313
13800,1.0000,150
13900,0.7003,254
14000,1.0000,150
14100,0.6402,275
14200,1.0000,150
14300,0.5795,297
14400,1.0000,150
14500,0.5560,305
14600,0.1493,447
14700,1.0000,150
14800,0.4170,354
14900,0.4882,329
15000,1.0000,150
15100,0.5465,308
15200,0.5929,292
15300,1.0000,150
15400,0.5047,323
15500,1.0000,150
15600,0.6709,265
15700,1.0000,150
15800,0.5790,297
15900,1.0000,150
16000,0.5939,292
16100,1.0000,150
16200,0.6508,272
16300,0.3267,385
16400,1.0000,150
16500,1.0000,150
16600,0.5947,291
16700,1.0000,150
16800,1.0000,150
16900,0.7513,237
17000,1.0000,150
17100,0.6058,287
17200,0.2319,418
17300,1.0000,150
17400,0.6136,285
17500,1.0000,150
17600,1.0000,150
17700,0.6924,257
17800,0.5555,305
17900,1.0000,150
18000,0.5452,309
18100,0.5381,311
18200,0.0686,476
18300,1.0000,150
18400,0.5727,299
18500,0.2280,420
18600,1.0000,150
18700,0.5563,305
18800,1.0000,150
18900,0.6300,279
19000,1.0000,150
19100,0.5888,293
19200,1.0000,150
19300,0.5914,293
19400,0.5429,309
19500,1.0000,150
19600,0.5776,297
19700,1.0000,150
19800,0.6064,287
19900,1.0000,150
20000,0.6158,284
20100,0.2984,395
20200,1.0000,150
20300,0.6059,287
20400,0.1670,441
20500,1.0000,150
20600,0.5119,320
20700,0.6089,286
20800,1.0000,150
20900,0.6154,284
21000,1.0000,150
21100,0.5020,324
21200,0.5586,304
21300,1.0000,150
21400,0.6210,282
21500,1.0000,150
21600,0.5979,290
21700,1.0000,150
21800,1.0000,150
21900,0.6418,275
22000,0.3312,384
22100,1.0000,150
22200,0.5812,296
22300,1.0000,150
22400,1.0000,150
22500,0.8021,219
22600,1.0000,150
22700,1.0000,150
22800,0.6707,265
22900,0.3160,389
23000,1.0000,150
23100,0.6157,284
23200,1.0000,150
23300,1.0000,150
23400,1.0000,150
23500,0.7858,224
23600,1.0000,150
23700,0.6439,274
23800,1.0000,150
23900,1.0000,150
24000,0.5981,290
24100,0.6445,274
24200,0.2367,417
24300,1.0000,150
24400,0.6448,274
24500,1.0000,150
24600,0.5942,292
24700,1.0000,150
24800,0.6029,288
24900,1.0000,150
25000,0.5939,292
25100,0.2683,406
25200,1.0000,150
25300,0.5847,295
25400,1.0000,150
25500,0.5865,294
25600,0.6127,285
25700,1.0000,150
25800,1.0000,150
25900,0.5632,302
26000,1.0000,150
26100,0.6193,283
26200,0.2488,412
26300,1.0000,150
26400,0.5944,291
26500,1.0000,150
26600,0.5950,291
26700,1.0000,150
26800,1.0000,150
26900,0.6460,273
27000,1.0000,150
27100,0.5543,306
27200,0.2249,421
27300,0.5754,298
27400,1.0000,150
27500,0.6241,281
27600,0.5977,290
27700,1.0000,150
27800,0.5688,300
27900,1.0000,150
28000,0.7331,243
28100,1.0000,150
28200,0.6339,278
28300,1.0000,150
28400,1.0000,150
28500,1.0000,150
28600,0.7556,235
28700,1.0000,150
28800,0.6593,269
28900,0.3174,388
29000,1.0000,150
29100,1.0000,150
29200,0.6319,278
29300,1.0000,150
29400,1.0000,150
29500,0.7715,229
29600,1.0000,150
29700,1.0000,150
29800,0.5003,324
29900,1.0000,150
30000,1.0000,150
30100,0.7339,243
30200,1.0000,150
30300,0.4571,340
30400,0.6172,283
30500,1.0000,150
30600,1.0000,150
30700,0.7338,243
30800,1.0000,150
30900,0.6317,278
31000,1.0000,150
31100,0.6073,287
31200,1.0000,150
31300,0.5961,291
31400,1.0000,150
31500,1.0000,150
31600,0.7249,246
31700,1.0000,150
31800,1.0000,150
31900,0.6275,280
32000,0.2851,400
32100,0.3032,393
32200,1.0000,150
32300,1.0000,150
32400,0.6399,276
32500,1.0000,150
32600,0.6430,274
32700,1.0000,150
32800,1.0000,150
32900,0.6305,279
33000,1.0000,150
33100,0.6387,276
33200,1.0000,150
33300,0.6456,274
33400,1.0000,150
33500,0.6058,287
33600,1.0000,150
33700,1.0000,150
33800,0.6519,271
33900,1.0000,150
34000,0.6713,265
34100,0.3417,380
34200,1.0000,150
34300,1.0000,150
34400,1.0000,150
34500,0.7201,247
34600,0.4109,356
34700,1.0000,150
34800,1.0000,150
34900,0.6447,274
35000,0.2696,405
35100,1.0000,150
35200,1.0000,150
35300,0.7569,235
35400,1.0000,150
35500,1.0000,150
35600,0.6624,268
35700,0.2617,408
35800,1.0000,150
35900,0.6393,276
36000,1.0000,150
36100,1.0000,150
36200,0.6286,280
36300,1.0000,150
36400,0.6344,277
36500,1.0000,150
36600,0.6608,268
36700,1.0000,150
36800,0.6503,272
36900,0.3200,388
37000,0.2762,403
37100,1.0000,150
37200,1.0000,150
37300,0.5121,320
37400,0.6313,279
37500,1.0000,150
37600,0.6007,289
37700,1.0000,150
37800,0.6482,273
37900,1.0000,150
38000,1.0000,150
38100,0.7538,236
38200,1.0000,150
38300,0.6134,285
38400,1.0000,150
38500,1.0000,150
38600,0.6495,272
38700,1.0000,150
38800,1.0000,150
38900,0.7524,236
39000,1.0000,150
39100,0.6180,283
39200,0.2434,414
39300,1.0000,150
39400,1.0000,150
39500,0.6385,276
39600,1.0000,150
39700,0.6507,272
39800,1.0000,150
39900,0.6392,276
40000,1.0000,150
40100,1.0000,150
40200,0.5540,306
40300,0.1286,454
40400,0.2143,425
40500,0.2388,416
40600,0.2673,406
40700,0.3671,371
40800,0.2372,416
40900,0.2725,404
41000,0.2846,400
41100,0.3537,376
41200,0.0000,500
41300,0.1404,450
41400,0.1779,437
41500,0.2658,406
41600,0.3395,381
41700,0.3202,387
41800,0.2954,396
41900,0.3178,388
42000,0.1797,437
42100,1.0000,150
42200,0.2432,414
42300,0.2449,414
42400,0.3129,390
42500,0.2971,396
42600,1.0000,150
42700,0.6353,277
42800,1.0000,150
42900,1.0000,150
43000,0.6229,281
43100,1.0000,150
43200,0.6249,281
43300,0.2970,396
43400,1.0000,150
43500,0.6366,277
43600,1.0000,150
43700,1.0000,150
43800,0.6361,277
43900,1.0000,150
44000,0.5722,299
44100,1.0000,150
44200,0.6333,278
44300,1.0000,150
44400,1.0000,150
44500,0.6064,287
44600,1.0000,150
44700,1.0000,150
44800,0.7505,237
44900,1.0000,150
45000,0.6411,275
45100,1.0000,150
45200,1.0000,150
45300,0.6550,270
45400,1.0000,150
45500,0.6336,278
45600,1.0000,150
45700,0.2973,395
45800,1.0000,150
45900,0.6608,268
46000,1.0000,150
46100,1.0000,150
46200,0.6519,271
46300,1.0000,150
46400,0.6464,273
46500,1.0000,150
46600,1.0000,150
46700,0.6403,275
46800,0.3366,382
46900,1.0000,150
47000,0.6475,273
47100,1.0000,150
47200,0.5354,312
47300,0.2643,407
47400,1.0000,150
47500,1.0000,150
47600,0.6445,274
47700,1.0000,150
47800,1.0000,150
47900,1.0000,150
48000,0.7617,233
48100,1.0000,150
48200,0.5985,290
48300,1.0000,150
48400,0.6260,280
48500,1.0000,150
48600,0.5983,290
48700,0.2920,397
48800,0.2954,396
48900,1.0000,150
49000,1.0000,150
49100,0.6199,283
49200,1.0000,150
49300,0.6738,264
49400,1.0000,150
49500,0.6432,274
49600,1.0000,150
49700,1.0000,150
49800,0.6563,270
49900,1.0000,150
50000,0.6465,273
50100,0.1976,430
50200,1.0000,150
50300,1.0000,150
50400,0.6294,279
50500,1.0000,150
50600,0.6424,275
50700,1.0000,150
50800,0.6354,277
50900,1.0000,150
51000,1.0000,150
51100,0.6618,268
51200,1.0000,150
51300,0.6407,275
51400,1.0000,150
51500,1.0000,150
51600,0.7534,236
51700,1.0000,150
51800,1.0000,150
51900,0.6255,281
52000,1.0000,150
52100,0.5859,294
52200,1.0000,150
52300,0.5850,295
52400,0.2450,414
52500,1.0000,150
52600,1.0000,150
52700,0.7418,240
52800,0.2920,397
52900,0.2992,395
53000,0.2786,402
53100,1.0000,150
53200,0.2843,400
53300,0.2959,396
53400,0.2830,400
53500,0.3300,384
53600,1.0000,150
53700,0.3194,388
53800,0.3159,389
53900,0.3116,390
54000,0.3249,386
54100,1.0000,150
54200,0.3700,370
54300,0.3375,381
54400,0.3433,379
54500,0.2914,398
54600,1.0000,150
54700,0.3260,385
54800,0.3008,394
54900,0.3075,392
55000,0.2853,400
55100,0.3170,389
55200,0.3306,384
55300,1.0000,150
55400,0.2751,403
55500,1.0000,150
55600,0.6335,278
55700,0.3172,388
55800,0.3051,393
55900,1.0000,150
56000,1.0000,150
56100,1.0000,150
56200,0.7664,231
56300,0.3207,387
56400,0.2676,406
56500,0.2983,395
56600,1.0000,150
56700,1.0000,150
56800,1.0000,150
56900,0.7594,234
57000,1.0000,150
57100,0.6372,276
57200,1.0000,150
57300,1.0000,150
57400,0.6440,274
57500,0.3468,378
57600,1.0000,150
57700,0.6430,274
57800,1.0000,150
57900,1.0000,150
58000,0.6391,276
58100,1.0000,150
58200,0.5925,292
58300,1.0000,150
58400,1.0000,150
58500,0.7655,232
58600,1.0000,150
58700,1.0000,150
58800,0.6582,269
58900,1.0000,150
59000,0.6572,269
59100,1.0000,150
59200,1.0000,150
59300,0.6330,278
59400,0.1514,447
59500,1.0000,150
59600,0.6417,275
59700,1.0000,150
59800,0.5880,294
59900,1.0000,150
60000,0.6298,279
60100,1.0000,150
60200,1.0000,150
60300,0.5994,290
60400,1.0000,150
60500,0.6622,268
60600,1.0000,150
60700,0.6514,272
60800,0.2890,398
60900,1.0000,150
61000,1.0000,150
61100,0.6431,274
61200,1.0000,150
61300,0.6413,275
61400,1.0000,150
61500,1.0000,150
61600,0.6418,275
61700,0.2245,421
61800,0.2504,412
61900,1.0000,150
62000,0.6332,278
62100,1.0000,150
62200,0.6433,274
62300,1.0000,150
62400,1.0000,150
62500,1.0000,150
62600,0.7746,228
62700,1.0000,150
62800,0.6348,277
62900,0.3599,374
63000,1.0000,150
63100,1.0000,150
63200,0.6304,279
63300,1.0000,150
63400,0.6735,264
63500,1.0000,150
63600,1.0000,150
63700,0.5383,311
63800,0.5770,298
63900,0.0000,500
64000,0.2371,417
64100,1.0000,150
64200,0.6278,280
64300,0.3063,392
64400,1.0000,150
64500,1.0000,150
64600,0.6461,273
64700,1.0000,150
64800,0.6439,274
64900,1.0000,150
65000,1.0000,150
65100,0.6463,273
65200,1.0000,150
65300,1.0000,150
65400,0.4852,330
65500,0.6162,284
65600,1.0000,150
65700,0.5985,290
65800,1.0000,150
65900,0.5844,295
66000,1.0000,150
66100,1.0000,150
66200,0.6979,255
66300,1.0000,150
66400,0.5690,300
66500,1.0000,150
66600,0.6399,276
66700,1.0000,150
66800,0.6344,277
66900,1.0000,150
67000,0.6199,283
67100,1.0000,150
67200,1.0000,150
67300,0.7548,235
67400,1.0000,150
67500,1.0000,150
67600,0.6171,284
67700,1.0000,150
67800,0.6811,261
67900,1.0000,150
68000,0.6737,264
68100,1.0000,150
68200,0.2864,399
68300,1.0000,150
68400,0.6481,273
68500,1.0000,150
68600,1.0000,150
68700,0.6525,271
68800,1.0000,150
68900,0.6453,274
69000,1.0000,150
69100,0.6590,269
69200,1.0000,150
69300,0.3459,378
69400,1.0000,150
69500,0.6927,257
69600,0.3460,378
69700,1.0000,150
69800,1.0000,150
69900,0.6411,275
70000,1.0000,150
70100,0.6327,278
70200,1.0000,150
70300,1.0000,150
70400,1.0000,150
70500,0.7253,246
70600,1.0000,150
70700,0.6042,288
70800,1.0000,150
70900,1.0000,150
71000,0.7538,236
71100,1.0000,150
71200,1.0000,150
71300,0.7634,232
71400,0.3023,394
71500,1.0000,150
71600,1.0000,150
71700,0.6269,280
71800,1.0000,150
71900,1.0000,150
72000,0.7627,233
72100,1.0000,150
72200,0.6171,284
72300,1.0000,150
72400,1.0000,150
72500,0.6496,272
72600,1.0000,150
72700,0.6335,278
72800,0.2545,410
72900,1.0000,150
73000,0.6211,282
73100,1.0000,150
73200,1.0000,150
73300,0.6267,280
73400,1.0000,150
73500,0.6331,278
73600,1.0000,150
73700,1.0000,150
73800,0.6243,281
73900,1.0000,150
74000,0.5231,316
74100,1.0000,150
74200,0.7084,252
74300,1.0000,150
74400,0.6292,279
74500,1.0000,150
74600,1.0000,150
74700,0.5951,291
74800,1.0000,150
74900,0.6108,286
75000,0.2676,406
75100,1.0000,150
75200,0.6251,281
75300,1.0000,150
75400,1.0000,150
75500,1.0000,150
75600,0.7649,232
75700,1.0000,150
75800,0.5755,298
75900,1.0000,150
76000,0.6304,279
76100,1.0000,150
76200,0.3250,386
76300,0.2747,403
76400,1.0000,150
76500,1.0000,150
76600,0.7543,236
76700,1.0000,150
76800,1.0000,150
76900,1.0000,150
77000,0.7597,234
77100,1.0000,150
77200,0.6475,273
77300,0.2742,404
77400,1.0000,150
77500,0.6360,277
77600,1.0000,150
77700,1.0000,150
77800,0.6205,282
77900,0.2782,402
78000,1.0000,150
78100,0.6424,275
78200,1.0000,150
78300,1.0000,150
78400,0.6412,275
78500,1.0000,150
78600,0.6385,276
78700,1.0000,150
78800,0.5972,290
78900,0.2077,427
79000,1.0000,150
79100,1.0000,150
79200,0.7431,239
79300,1.0000,150
79400,0.6204,282
79500,0.2710,405
79600,1.0000,150
79700,0.6502,272
79800,1.0000,150
79900,0.6419,275
80000,1.0000,150
80100,0.6320,278
80200,1.0000,150
80300,1.0000,150
80400,0.5900,293
80500,1.0000,150
80600,0.6023,289
80700,1.0000,150
80800,1.0000,150
80900,0.7621,233
81000,1.0000,150
81100,0.6428,275
81200,1.0000,150
81300,1.0000,150
81400,0.6494,272
81500,1.0000,150
81600,0.6506,272
81700,1.0000,150
81800,0.3083,392
81900,1.0000,150
82000,0.6045,288
82100,1.0000,150
82200,0.6115,285
82300,1.0000,150
82400,0.6298,279
82500,1.0000,150
82600,1.0000,150
82700,1.0000,150
82800,0.7789,227
82900,1.0000,150
83000,0.6353,277
83100,0.2950,396
83200,1.0000,150
83300,1.0000,150
83400,0.6394,276
83500,1.0000,150
83600,0.6296,279
83700,1.0000,150
83800,1.0000,150
83900,0.7003,254
84000,0.0549,480
84100,0.5246,316
84200,1.0000,150
84300,0.6507,272
84400,0.2408,415
84500,1.0000,150
84600,1.0000,150
84700,0.6426,275
84800,1.0000,150
84900,0.6483,273
85000,1.0000,150
85100,0.6335,278
85200,1.0000,150
85300,0.5413,310
85400,1.0000,150
85500,1.0000,150
85600,0.6524,271
85700,1.0000,150
85800,0.5763,298
85900,1.0000,150
86000,0.6238,281
86100,0.2960,396
86200,1.0000,150
86300,0.6317,278
86400,1.0000,150
86500,1.0000,150
86600,0.6204,282
86700,1.0000,150
86800,0.6440,274
86900,1.0000,150
87000,0.6425,275
87100,1.0000,150
87200,1.0000,150
87300,0.6187,283
87400,1.0000,150
87500,1.0000,150
87600,0.7518,236
87700,1.0000,150
87800,0.6615,268
87900,1.0000,150
88000,1.0000,150
88100,0.6635,267
88200,1.0000,150
88300,1.0000,150
88400,0.6535,271
88500,0.2783,402
88600,1.0000,150
88700,0.6582,269
88800,1.0000,150
88900,1.0000,150
89000,0.6295,279
89100,1.0000,150
89200,1.0000,150
89300,0.6471,273
89400,1.0000,150
89500,0.6651,267
89600,1.0000,150
89700,0.5944,291
89800,0.2033,428
89900,1.0000,150
90000,0.6518,271
90100,1.0000,150
90200,0.6331,278
90300,1.0000,150
90400,1.0000,150
90500,0.6161,284
90600,0.2654,407
90700,0.1876,434
90800,1.0000,150
90900,0.6407,275
91000,1.0000,150
91100,1.0000,150
91200,1.0000,150
91300,0.7507,237
91400,1.0000,150
91500,0.6119,285
91600,0.2421,415
91700,1.0000,150
91800,0.6555,270
91900,1.0000,150
92000,0.6577,269
92100,1.0000,150
92200,1.0000,150
92300,0.6019,289
92400,1.0000,150
92500,0.6854,260
92600,1.0000,150
92700,1.0000,150
92800,0.6300,279
92900,1.0000,150
93000,0.6472,273
93100,0.2375,416
93200,1.0000,150
93300,1.0000,150
93400,0.5201,317
93500,1.0000,150
93600,0.7607,233
93700,0.3517,376
93800,1.0000,150
93900,1.0000,150
94000,0.6432,274
94100,1.0000,150
94200,0.6571,270
94300,1.0000,150
94400,1.0000,150
94500,1.0000,150
94600,0.7537,236
94700,1.0000,150
94800,0.5738,299
94900,1.0000,150
95000,1.0000,150
95100,0.7599,234
95200,1.0000,150
95300,1.0000,150
95400,0.6624,268
95500,1.0000,150
95600,0.6307,279
95700,1.0000,150
95800,1.0000,150
95900,0.6603,268
96000,1.0000,150
96100,0.6284,280
96200,1.0000,150
96300,1.0000,150
96400,0.6320,278
96500,1.0000,150
96600,0.6203,282
96700,0.2330,418
96800,1.0000,150
96900,0.6249,281
97000,1.0000,150
97100,1.0000,150
97200,0.6569,270
97300,1.0000,150
97400,1.0000,150
97500,0.7477,238
97600,1.0000,150
97700,0.6501,272
97800,1.0000,150
97900,1.0000,150
98000,1.0000,150
98100,0.7513,237
98200,0.3273,385
98300,1.0000,150
98400,0.6364,277
98500,1.0000,150
98600,1.0000,150
98700,0.6500,272
98800,1.0000,150
98900,0.6493,272
99000,1.0000,150
99100,1.0000,150
99200,0.6452,274
99300,0.2227,422
99400,1.0000,150
99500,0.6593,269
99600,1.0000,150
99700,0.6412,275
99800,0.3315,383
99900,1.0000,150
100000,0.6174,283
100100,1.0000,150
100200,1.0000,150
100300,0.6600,268
100400,1.0000,150
100500,0.5268,315
100600,1.0000,150
100700,0.5930,292
100800,1.0000,150
100900,0.6453,274
101000,1.0000,150
101100,1.0000,150
101200,0.7438,239
101300,0.1208,457
101400,1.0000,150
101500,0.5644,302
101600,1.0000,150
101700,1.0000,150
101800,0.7477,238
101900,0.2276,420
102000,1.0000,150
102100,0.6232,281
102200,1.0000,150
102300,0.6422,275
102400,1.0000,150
102500,0.6264,280
102600,1.0000,150
102700,1.0000,150
102800,0.6644,267
102900,1.0000,150
103000,0.6433,274
103100,1.0000,150
103200,0.6302,279
103300,0.2638,407
103400,1.0000,150
103500,1.0000,150
103600,0.6672,266
103700,1.0000,150
103800,0.5984,290
103900,1.0000,150
104000,1.0000,150
104100,0.7608,233
104200,1.0000,150
104300,0.6218,282
104400,1.0000,150
104500,0.6240,281
104600,1.0000,150
104700,0.5988,290
104800,1.0000,150
104900,0.2801,401
105000,1.0000,150
105100,0.6922,257
105200,1.0000,150
105300,0.6516,271
105400,0.2728,404
105500,1.0000,150
105600,0.6361,277
105700,1.0000,150
105800,1.0000,150
105900,0.6464,273
106000,1.0000,150
106100,0.6353,277
106200,1.0000,150
106300,0.6609,268
106400,0.3146,389
106500,1.0000,150
106600,1.0000,150
106700,0.6499,272
106800,1.0000,150
106900,0.6325,278
107000,1.0000,150
107100,0.6378,276
107200,1.0000,150
107300,1.0000,150
107400,0.5825,296
107500,0.6101,286
107600,1.0000,150
107700,1.0000,150
107800,1.0000,150
107900,0.7686,231
108000,1.0000,150
108100,0.6347,277
108200,1.0000,150
108300,1.0000,150
108400,1.0000,150
108500,0.7462,238
108600,0.1994,430
108700,1.0000,150
108800,0.6787,262
108900,1.0000,150
109000,0.6562,270
109100,1.0000,150
109200,1.0000,150
109300,0.6603,268
109400,1.0000,150
109500,0.6586,269
109600,1.0000,150
109700,1.0000,150
109800,0.6721,264
109900,1.0000,150
110000,1.0000,150
110100,0.5988,290
110200,0.2310,419
110300,1.0000,150
110400,0.6376,276
110500,1.0000,150
110600,0.6011,289
110700,1.0000,150
110800,1.0000,150
110900,0.6954,256
111000,1.0000,150
111100,0.6387,276
111200,1.0000,150
111300,1.0000,150
111400,0.6420,275
111500,1.0000,150
111600,0.6478,273
111700,0.2785,402
111800,1.0000,150
111900,1.0000,150
112000,0.6421,275
112100,1.0000,150
112200,0.6035,288
112300,1.0000,150
112400,1.0000,150
112500,0.7442,239
112600,1.0000,150
112700,1.0000,150
112800,0.7587,234
112900,1.0000,150
113000,1.0000,150
113100,1.0000,150
113200,0.7803,226
113300,1.0000,150
113400,0.6213,282
113500,1.0000,150
113600,0.6397,276
113700,1.0000,150
113800,1.0000,150
113900,0.5479,308
114000,0.2169,424
114100,1.0000,150
114200,0.6351,277
114300,1.0000,150
114400,0.5817,296
114500,1.0000,150
114600,1.0000,150
114700,1.0000,150
114800,0.7763,228
114900,1.0000,150
115000,0.6703,265
115100,1.0000,150
115200,0.5708,300
115300,1.0000,150
115400,1.0000,150
115500,0.6546,270
115600,0.2782,402
115700,1.0000,150
115800,0.6604,268
115900,1.0000,150
116000,1.0000,150
116100,0.5988,290
116200,0.2742,404
116300,1.0000,150
116400,0.6083,287
116500,1.0000,150
116600,0.6259,280
116700,1.0000,150
116800,1.0000,150
116900,0.5878,294
117000,0.2617,408
117100,1.0000,150
117200,0.6435,274
117300,1.0000,150
117400,0.6424,275
117500,1.0000,150
117600,1.0000,150
117700,1.0000,150
117800,0.7532,236
117900,1.0000,150
118000,0.5499,307
118100,1.0000,150
118200,0.5779,297
118300,1.0000,150
118400,0.5925,292
118500,0.2413,415
118600,1.0000,150
118700,0.6140,285
118800,1.0000,150
118900,0.6344,277
119000,1.0000,150
119100,1.0000,150
119200,1.0000,150
119300,0.7563,235
119400,1.0000,150
119500,0.6338,278
119600,1.0000,150
119700,0.5789,297
119800,1.0000,150
119900,0.6202,282
120000,0.1792,437
120100,1.0000,150
120200,0.6037,288
120300,1.0000,150
120400,1.0000,150
120500,0.6453,274
120600,1.0000,150
120700,0.6348,277
120800,1.0000,150
120900,1.0000,150
121000,0.6479,273
121100,1.0000,150
121200,1.0000,150
121300,1.0000,150
121400,0.7308,244
121500,1.0000,150
121600,0.6573,269
121700,1.0000,150
121800,0.5478,308
121900,1.0000,150
122000,1.0000,150
122100,0.7519,236
122200,0.3419,380
122300,1.0000,150
122400,0.6466,273
122500,1.0000,150
122600,1.0000,150
122700,0.6543,271
122800,1.0000,150
122900,0.6656,267
123000,1.0000,150
123100,1.0000,150
123200,0.6469,273
123300,1.0000,150
123400,1.0000,150
123500,0.7514,237
123600,1.0000,150
123700,0.2599,409
123800,0.2861,399
123900,1.0000,150
124000,0.6514,271
124100,1.0000,150
124200,0.6535,271
124300,1.0000,150
124400,1.0000,150
124500,0.6442,274
124600,0.3415,380
124700,1.0000,150
124800,1.0000,150
124900,0.6654,267
125000,1.0000,150
125100,0.6545,270
125200,1.0000,150
125300,1.0000,150
125400,0.6757,263
125500,0.3059,392
125600,1.0000,150
125700,0.6052,288
125800,1.0000,150
125900,0.4960,326
126000,1.0000,150
126100,1.0000,150
126200,0.7494,237
126300,1.0000,150
126400,0.6451,274
126500,1.0000,150
126600,1.0000,150
126700,0.6463,273
126800,1.0000,150
126900,0.6610,268
127000,0.3059,392
127100,1.0000,150
127200,1.0000,150
127300,0.6586,269
127400,1.0000,150
127500,1.0000,150
127600,0.6147,284
127700,1.0000,150
127800,0.6623,268
127900,1.0000,150
128000,0.6622,268
128100,0.3180,388
128200,1.0000,150
128300,1.0000,150
128400,0.6592,269
128500,1.0000,150
128600,0.6501,272
128700,1.0000,150
128800,1.0000,150
128900,0.6409,275
129000,1.0000,150
129100,0.6443,274
129200,0.3101,391
129300,0.2466,413
129400,1.0000,150
129500,1.0000,150
129600,0.6431,274
129700,1.0000,150
129800,0.6291,279
129900,1.0000,150
130000,1.0000,150
130100,0.6541,271
130200,1.0000,150
130300,0.6594,269
130400,1.0000,150
130500,1.0000,150
130600,0.6720,264
130700,1.0000,150
130800,0.6560,270
130900,1.0000,150
131000,0.2791,402
131100,1.0000,150
131200,0.6425,275
131300,0.3120,390
131400,0.2599,409
131500,1.0000,150
131600,0.2815,401
131700,1.0000,150
131800,0.6576,269
131900,1.0000,150
132000,0.6281,280
132100,1.0000,150
132200,1.0000,150
132300,0.6411,275
132400,0.2237,421
132500,0.2885,399
132600,0.3361,382
132700,0.1515,446
132800,0.3476,378
132900,1.0000,150
133000,0.2992,395
133100,0.3224,387
133200,0.3130,390
133300,0.3381,381
133400,0.3627,373
133500,1.0000,150
133600,0.3178,388
133700,0.3084,392
133800,0.3218,387
133900,0.3237,386
134000,1.0000,150
134100,0.2996,395
134200,0.2568,410
134300,0.3021,394
134400,0.3349,382
134500,0.3282,385
134600,1.0000,150
134700,0.3338,383
134800,0.3110,391
134900,0.2248,421
135000,0.2726,404
135100,1.0000,150
135200,0.6598,269
135300,1.0000,150
135400,1.0000,150
135500,0.6359,277
135600,1.0000,150
135700,1.0000,150
135800,0.7521,236
135900,1.0000,150
136000,0.6626,268
136100,1.0000,150
136200,1.0000,150
136300,1.0000,150
136400,0.7399,241
136500,0.3377,381
136600,0.3442,379
136700,0.3960,361
136800,1.0000,150
136900,0.2719,404
137000,0.3788,367
137100,0.3645,372
137200,0.4160,354
137300,0.3647,372
137400,1.0000,150
137500,0.3423,380
137600,0.3489,377
137700,0.3140,390
137800,0.2655,407
137900,0.3310,384
138000,1.0000,150
138100,0.3764,368
138200,0.4090,356
138300,1.0000,150
138400,0.5950,291
138500,0.3003,394
138600,0.2686,405
138700,1.0000,150
138800,0.3895,363
138900,0.4174,353
139000,1.0000,150
139100,1.0000,150
139200,0.6828,261
139300,0.3581,374
139400,1.0000,150
139500,1.0000,150
139600,0.6666,266
139700,1.0000,150
139800,1.0000,150
139900,0.7546,235
140000,1.0000,150
140100,1.0000,150
140200,0.5936,292
140300,1.0000,150
140400,1.0000,150
140500,0.7911,223
140600,1.0000,150
140700,0.6766,263
140800,1.0000,150
140900,1.0000,150
141000,1.0000,150
141100,0.7861,224
141200,1.0000,150
141300,1.0000,150
141400,0.6883,259
141500,1.0000,150
141600,0.6799,262
141700,1.0000,150
141800,1.0000,150
141900,0.6717,264
142000,1.0000,150
142100,1.0000,150
142200,0.6874,259
142300,1.0000,150
142400,0.6587,269
142500,1.0000,150
142600,1.0000,150
142700,0.6774,262
142800,1.0000,150
142900,1.0000,150
143000,1.0000,150
143100,0.7905,223
143200,1.0000,150
143300,0.6993,255
143400,1.0000,150
143500,1.0000,150
143600,1.0000,150
143700,0.7719,229
143800,1.0000,150
143900,0.6081,287
144000,0.2207,422
144100,1.0000,150
144200,1.0000,150
144300,0.7024,254
144400,1.0000,150
144500,0.6929,257
144600,1.0000,150
144700,1.0000,150
144800,0.7045,253
144900,1.0000,150
145000,1.0000,150
145100,0.6715,264
145200,0.3365,382
145300,1.0000,150
145400,0.6737,264
145500,1.0000,150
145600,0.3631,372
145700,1.0000,150
145800,0.6758,263
145900,1.0000,150
146000,1.0000,150
146100,0.6799,262
146200,1.0000,150
146300,0.3682,371
146400,1.0000,150
146500,0.6788,262
146600,1.0000,150
146700,1.0000,150
146800,0.6758,263
146900,1.0000,150
147000,1.0000,150
147100,0.7054,253
147200,1.0000,150
147300,0.6806,261
147400,1.0000,150
147500,0.2968,396
147600,1.0000,150
147700,0.6681,266
147800,1.0000,150
147900,0.2821,401
148000,1.0000,150
148100,0.6572,269
148200,0.4554,340
148300,0.3879,364
148400,1.0000,150
148500,0.4060,357
148600,0.3543,375
148700,1.0000,150
148800,0.4042,358
148900,0.3981,360
149000,0.3265,385
149100,1.0000,150
149200,0.3397,381
149300,0.3830,365
149400,0.3651,372
149500,0.4144,354
149600,0.3914,362
149700,1.0000,150
149800,0.3949,361
149900,0.3841,365
150000,1.0000,150
150100,0.3145,389
150200,0.3781,367
150300,0.4181,353
150400,1.0000,150
150500,0.3871,364
150600,0.4628,338
150700,1.0000,150
150800,0.4108,356
150900,0.3843,365
151000,1.0000,150
151100,0.2717,404
151200,1.0000,150
151300,1.0000,150
151400,1.0000,150
151500,0.7929,222
151600,1.0000,150
151700,0.6480,273
151800,1.0000,150
151900,1.0000,150
152000,0.6805,261
152100,1.0000,150
152200,1.0000,150
152300,0.6578,269
152400,1.0000,150
152500,0.6595,269
152600,0.2594,409
152700,1.0000,150
152800,0.6873,259
152900,1.0000,150
153000,1.0000,150
153100,1.0000,150
153200,1.0000,150
153300,0.7896,223
153400,0.4109,356
153500,1.0000,150
153600,1.0000,150
153700,0.6846,260
153800,0.3839,365
153900,1.0000,150
154000,1.0000,150
154100,0.6984,255
154200,1.0000,150
154300,1.0000,150
154400,0.6889,258
154500,1.0000,150
154600,1.0000,150
154700,0.6622,268
154800,1.0000,150
154900,0.6859,259
155000,1.0000,150
155100,1.0000,150
155200,0.6722,264
155300,1.0000,150
155400,0.3662,371
155500,1.0000,150
155600,0.6798,262
155700,1.0000,150
155800,1.0000,150
155900,1.0000,150
156000,0.7922,222
156100,1.0000,150
156200,1.0000,150
156300,1.0000,150
156400,1.0000,150
156500,0.7980,220
156600,0.4773,332
156700,1.0000,150
156800,1.0000,150
156900,0.6551,270
157000,0.3754,368
157100,1.0000,150
157200,0.6795,262
157300,1.0000,150
157400,1.0000,150
157500,0.6940,257
157600,1.0000,150
157700,1.0000,150
157800,0.6774,262
157900,1.0000,150
158000,0.6505,272
158100,1.0000,150
158200,0.6183,283
158300,1.0000,150
158400,1.0000,150
158500,1.0000,150
158600,0.7348,242
158700,1.0000,150
158800,0.6477,273
158900,1.0000,150
159000,1.0000,150
159100,0.6717,264
159200,1.0000,150
159300,1.0000,150
159400,0.6792,262
159500,0.3655,372
159600,1.0000,150
159700,1.0000,150
159800,0.6675,266
159900,1.0000,150
160000,0.6700,265
160100,1.0000,150
160200,1.0000,150
160300,0.5880,294
160400,1.0000,150
160500,0.6604,268
160600,1.0000,150
160700,1.0000,150
160800,0.6671,266
160900,1.0000,150
161000,1.0000,150
161100,0.7636,232
161200,1.0000,150
161300,0.3676,371
161400,1.0000,150
161500,0.6784,262
161600,1.0000,150
161700,1.0000,150
161800,1.0000,150
161900,0.7935,222
162000,1.0000,150
162100,1.0000,150
162200,1.0000,150
162300,1.0000,150
162400,0.7928,222
162500,1.0000,150
162600,0.7041,253
162700,1.0000,150
162800,1.0000,150
162900,1.0000,150
163000,0.7003,254
163100,0.6751,263
163200,1.0000,150
163300,1.0000,150
163400,0.6370,277
163500,1.0000,150
163600,0.6923,257
163700,1.0000,150
163800,1.0000,150
163900,0.6986,255
164000,1.0000,150
164100,1.0000,150
164200,0.6313,279
164300,1.0000,150
164400,0.6504,272
164500,1.0000,150
164600,0.3520,376
164700,1.0000,150
164800,0.6930,257
164900,0.3710,370
165000,1.0000,150
165100,1.0000,150
165200,0.6683,266
165300,1.0000,150
165400,0.6675,266
165500,1.0000,150
165600,0.6985,255
165700,1.0000,150
165800,1.0000,150
165900,0.6853,260
166000,1.0000,150
166100,0.6594,269
166200,1.0000,150
166300,0.6983,255
166400,1.0000,150
166500,0.6364,277
166600,1.0000,150
166700,0.6860,259
166800,0.3015,394
166900,1.0000,150
167000,0.6544,270
167100,1.0000,150
167200,0.6572,269
167300,1.0000,150
167400,1.0000,150
167500,0.6158,284
167600,1.0000,150
167700,0.4257,351
167800,0.4229,351
167900,1.0000,150
168000,0.6854,260
168100,0.0000,500
168200,0.6439,274
168300,1.0000,150
168400,1.0000,150
168500,0.7410,240
168600,1.0000,150
168700,0.6067,287
168800,1.0000,150
168900,0.0000,500
169000,0.7930,222
169100,1.0000,150
169200,0.6196,283
169300,1.0000,150
169400,0.7764,228
169500,1.0000,150
169600,0.6533,271
169700,1.0000,150
169800,0.5995,290
169900,0.2466,413
170000,0.2980,395
170100,1.0000,150
170200,0.6706,265
170300,1.0000,150
170400,1.0000,150
170500,1.0000,150
170600,0.7937,222
170700,1.0000,150
170800,1.0000,150
170900,0.7854,225
171000,1.0000,150
171100,0.3930,362
171200,0.3285,385
171300,1.0000,150
171400,1.0000,150
171500,0.6582,269
171600,1.0000,150
171700,0.6764,263
171800,1.0000,150
171900,0.6894,258
172000,1.0000,150
172100,1.0000,150
172200,1.0000,150
172300,0.7857,225
172400,1.0000,150
172500,0.3777,367
172600,1.0000,150
172700,0.6850,260
172800,1.0000,150
172900,1.0000,150
173000,0.6885,259
173100,1.0000,150
173200,0.4979,325
173300,1.0000,150
173400,0.6713,265
173500,1.0000,150
173600,1.0000,150
173700,0.6651,267
173800,1.0000,150
173900,0.6575,269
174000,1.0000,150
174100,1.0000,150
174200,0.6876,259
174300,0.3669,371
174400,1.0000,150
174500,1.0000,150
174600,0.6768,263
174700,1.0000,150
174800,1.0000,150
174900,0.6840,260
175000,0.3813,366
175100,1.0000,150
175200,1.0000,150
175300,0.6709,265
175400,1.0000,150
175500,1.0000,150
175600,0.6125,285
175700,1.0000,150
175800,0.6706,265
175900,0.3816,366
176000,0.3478,378
176100,1.0000,150
176200,1.0000,150
176300,0.6647,267
176400,1.0000,150
176500,1.0000,150
176600,1.0000,150
176700,0.7889,223
176800,1.0000,150
176900,1.0000,150
177000,0.6785,262
177100,1.0000,150
177200,1.0000,150
177300,0.6466,273
177400,1.0000,150
177500,0.6749,263
177600,0.1801,436
177700,1.0000,150
177800,0.6754,263
177900,1.0000,150
178000,1.0000,150
178100,0.6871,259
178200,1.0000,150
178300,1.0000,150
178400,0.6928,257
178500,1.0000,150
178600,0.6817,261
178700,1.0000,150
178800,0.6971,256
178900,1.0000,150
179000,1.0000,150
179100,1.0000,150
179200,0.7890,223
179300,1.0000,150
179400,1.0000,150
179500,0.6840,260
179600,1.0000,150
179700,0.3922,362
179800,1.0000,150
179900,1.0000,150
180000,0.7711,230
180100,1.0000,150
180200,1.0000,150
180300,0.6337,278
180400,1.0000,150
180500,0.6796,262
180600,1.0000,150
180700,1.0000,150
180800,0.6731,264
180900,1.0000,150
181000,1.0000,150
181100,0.6373,276
181200,1.0000,150
181300,0.6876,259
181400,1.0000,150
181500,1.0000,150
181600,0.5880,294
181700,1.0000,150
181800,0.5992,290
181900,0.3690,370
182000,0.3958,361
182100,1.0000,150
182200,0.6372,276
182300,1.0000,150
182400,1.0000,150
182500,0.6970,256
182600,0.3470,378
182700,1.0000,150
182800,1.0000,150
182900,0.6900,258
183000,1.0000,150
183100,0.6588,269
183200,1.0000,150
183300,1.0000,150
183400,0.6986,255
183500,1.0000,150
183600,1.0000,150
183700,0.7022,254
183800,0.3611,373
183900,1.0000,150
184000,1.0000,150
184100,1.0000,150
184200,0.7978,220
184300,1.0000,150
184400,1.0000,150
184500,0.6632,267
184600,1.0000,150
184700,0.6911,258
184800,1.0000,150
184900,1.0000,150
185000,1.0000,150
185100,0.7919,222
185200,1.0000,150
185300,1.0000,150
185400,0.6832,260
185500,1.0000,150
185600,0.3491,377
185700,1.0000,150
185800,0.6829,260
185900,1.0000,150
186000,1.0000,150
186100,0.6919,257
186200,1.0000,150
186300,0.6807,261
186400,1.0000,150
186500,1.0000,150
186600,0.6885,259
186700,1.0000,150
186800,1.0000,150
186900,0.7851,225
187000,1.0000,150
187100,1.0000,150
187200,0.6642,267
187300,1.0000,150
187400,0.6934,257
187500,1.0000,150
187600,1.0000,150
187700,0.6757,263
187800,0.3904,363
187900,1.0000,150
188000,0.2463,413
188100,0.3362,382
188200,1.0000,150
188300,0.6783,262
188400,1.0000,150
188500,1.0000,150
188600,0.6339,278
188700,1.0000,150
188800,0.6694,265
188900,1.0000,150
189000,0.6705,265
189100,1.0000,150
189200,1.0000,150
189300,1.0000,150
189400,0.7952,221
189500,0.3897,363
189600,0.3219,387
189700,1.0000,150
189800,1.0000,150
189900,0.6837,260
190000,1.0000,150
190100,0.6690,265
190200,1.0000,150
190300,1.0000,150
190400,0.6730,264
190500,1.0000,150
190600,1.0000,150
190700,0.6764,263
190800,1.0000,150
190900,0.6774,262
191000,1.0000,150
191100,1.0000,150
191200,1.0000,150
191300,0.8055,218
191400,1.0000,150
191500,1.0000,150
191600,0.6881,259
191700,1.0000,150
191800,1.0000,150
191900,1.0000,150
192000,0.7791,227
192100,1.0000,150
192200,1.0000,150
192300,0.6726,264
192400,1.0000,150
192500,1.0000,150
192600,1.0000,150
192700,0.7311,244
192800,0.2982,395
192900,0.5580,304
193000,1.0000,150
193100,0.6740,264
193200,1.0000,150
193300,0.5830,295
193400,1.0000,150
193500,0.6260,280
193600,0.2923,397
193700,1.0000,150
193800,1.0000,150
193900,0.6722,264
194000,1.0000,150
194100,1.0000,150
194200,1.0000,150
194300,0.7884,224
194400,1.0000,150
194500,0.6792,262
194600,1.0000,150
194700,1.0000,150
194800,0.6766,263
194900,0.3619,373
195000,0.3612,373
195100,1.0000,150
195200,1.0000,150
195300,0.6887,258
195400,1.0000,150
195500,0.6648,267
195600,1.0000,150
195700,1.0000,150
195800,0.6826,261
195900,1.0000,150
196000,0.6229,281
196100,0.3137,390
196200,1.0000,150
196300,1.0000,150
196400,0.6730,264
196500,1.0000,150
196600,1.0000,150
196700,0.7686,231
196800,0.3892,363
196900,0.2161,424
197000,1.0000,150
197100,0.6915,257
197200,1.0000,150
197300,0.6682,266
197400,0.0957,466
197500,1.0000,150
197600,0.6540,271
197700,1.0000,150
197800,0.6450,274
197900,1.0000,150
198000,0.6809,261
198100,1.0000,150
198200,1.0000,150
198300,0.6713,265
198400,0.2914,398
198500,1.0000,150
198600,0.6790,262
198700,1.0000,150
198800,1.0000,150
198900,0.6742,264
199000,1.0000,150
199100,0.6757,263
199200,1.0000,150
199300,1.0000,150
199400,0.6686,265
199500,1.0000,150
199600,0.6321,278
199700,0.3105,391
199800,1.0000,150
199900,1.0000,150
200000,0.6681,266
200100,1.0000,150
200200,0.6262,280
200300,0.2984,395
200400,1.0000,150
200500,1.0000,150
200600,0.6468,273
200700,0.6449,274
200800,1.0000,150
200900,0.6761,263
201000,1.0000,150
201100,1.0000,150
201200,0.6487,272
201300,0.3752,368
201400,1.0000,150
201500,0.6832,260
201600,1.0000,150
201700,1.0000,150
201800,1.0000,150
201900,0.7861,224
202000,1.0000,150
202100,1.0000,150
202200,0.6874,259
202300,1.0000,150
202400,1.0000,150
202500,0.6561,270
202600,1.0000,150
202700,0.6836,260
202800,1.0000,150
202900,1.0000,150
203000,0.6858,259
203100,1.0000,150
203200,0.6382,276
203300,1.0000,150
203400,1.0000,150
203500,0.6646,267
203600,1.0000,150
203700,0.6576,269
203800,1.0000,150
203900,0.3470,378
204000,1.0000,150
204100,0.6828,261
204200,0.3468,378
204300,1.0000,150
204400,1.0000,150
204500,0.5832,295
204600,0.3388,381
204700,0.3606,373
204800,0.3901,363
204900,0.3718,369
205000,1.0000,150
205100,0.3690,370
205200,0.3628,373
205300,1.0000,150
205400,0.6251,281
205500,0.3570,375
205600,1.0000,150
205700,0.3956,361
205800,0.3819,366
205900,0.3949,361
206000,1.0000,150
206100,0.3363,382
206200,0.4150,354
206300,0.3051,393
206400,0.2794,402
206500,1.0000,150
206600,0.3093,391
206700,0.3351,382
206800,0.3464,378
206900,0.3938,362
207000,1.0000,150
207100,0.3148,389
207200,0.3937,362
207300,0.3978,360
207400,1.0000,150
207500,1.0000,150
207600,0.6568,270
207700,1.0000,150
207800,1.0000,150
207900,0.6724,264
208000,1.0000,150
208100,0.6692,265
208200,1.0000,150
208300,1.0000,150
208400,0.4559,340
208500,0.6759,263
208600,1.0000,150
208700,1.0000,150
208800,0.6700,265
208900,1.0000,150
209000,0.6555,270
209100,1.0000,150
209200,1.0000,150
209300,0.6682,266
209400,0.3733,369
209500,1.0000,150
209600,1.0000,150
209700,0.6670,266
209800,1.0000,150
209900,0.6656,267
210000,1.0000,150
210100,1.0000,150
210200,0.6816,261
210300,1.0000,150
210400,0.6827,261
210500,1.0000,150
210600,1.0000,150
210700,0.6859,259
210800,1.0000,150
210900,1.0000,150
211000,1.0000,150
211100,0.7732,229
211200,0.3928,362
211300,1.0000,150
211400,1.0000,150
211500,0.6813,261
211600,0.3804,366
211700,1.0000,150
211800,1.0000,150
211900,0.6866,259
212000,0.3832,365
212100,1.0000,150
212200,1.0000,150
212300,0.6514,272
212400,1.0000,150
212500,0.6391,276
212600,1.0000,150
212700,0.6595,269
212800,1.0000,150
212900,1.0000,150
213000,0.7593,234
213100,1.0000,150
213200,1.0000,150
213300,0.6707,265
213400,1.0000,150
213500,0.6961,256
213600,1.0000,150
213700,1.0000,150
213800,0.6814,261
213900,1.0000,150
214000,0.6802,261
214100,1.0000,150
214200,1.0000,150
214300,0.6633,267
214400,0.3481,378
214500,1.0000,150
214600,0.6665,266
214700,1.0000,150
214800,1.0000,150
214900,0.6532,271
215000,1.0000,150
215100,0.6637,267
215200,1.0000,150
215300,1.0000,150
215400,0.6710,265
215500,1.0000,150
215600,0.6732,264
215700,1.0000,150
215800,1.0000,150
215900,1.0000,150
216000,0.7848,225
216100,1.0000,150
216200,1.0000,150
216300,0.6812,261
216400,1.0000,150
216500,0.6840,260
216600,1.0000,150
216700,0.3522,376
216800,0.2901,398
216900,1.0000,150
217000,0.6842,260
217100,1.0000,150
217200,1.0000,150
217300,0.6846,260
217400,1.0000,150
217500,0.6764,263
217600,1.0000,150
217700,0.2499,412
217800,1.0000,150
217900,0.6696,265
218000,1.0000,150
218100,1.0000,150
218200,0.6658,266
218300,1.0000,150
218400,0.6020,289
218500,0.0000,500
218600,1.0000,150
218700,0.6912,258
218800,0.3504,377
218900,1.0000,150
219000,1.0000,150
219100,0.6789,262
219200,0.4004,359
219300,1.0000,150
219400,1.0000,150
219500,0.6731,264
219600,1.0000,150
219700,1.0000,150
219800,1.0000,150
219900,0.7304,244
220000,0.3831,365
220100,1.0000,150
220200,1.0000,150
220300,0.7946,221
220400,1.0000,150
220500,1.0000,150
220600,1.0000,150
220700,0.7352,242
220800,1.0000,150
220900,0.6659,266
221000,1.0000,150
221100,1.0000,150
221200,0.6548,270
221300,1.0000,150
221400,0.6812,261
221500,1.0000,150
221600,0.3763,368
221700,0.3830,365
221800,1.0000,150
221900,1.0000,150
222000,0.6573,269
222100,1.0000,150
222200,0.6560,270
222300,1.0000,150
222400,1.0000,150
222500,0.6636,267
222600,1.0000,150
222700,0.6485,273
222800,1.0000,150
222900,1.0000,150
223000,0.6831,260
223100,1.0000,150
223200,1.0000,150
223300,0.6988,255
223400,1.0000,150
223500,1.0000,150
223600,0.6947,256
223700,1.0000,150
223800,0.5896,293
223900,1.0000,150
224000,0.6434,274
224100,0.3046,393
224200,0.2586,409
224300,1.0000,150
224400,1.0000,150
224500,1.0000,150
224600,0.7603,233
224700,1.0000,150
224800,0.6736,264
224900,1.0000,150
225000,0.6587,269
225100,1.0000,150
225200,0.6716,264
225300,1.0000,150
225400,1.0000,150
225500,0.6844,260
225600,0.3528,376
225700,1.0000,150
225800,1.0000,150
225900,0.6539,271
226000,1.0000,150
226100,0.6921,257
226200,1.0000,150
226300,0.3455,379
226400,0.3815,366
226500,1.0000,150
226600,0.6850,260
226700,1.0000,150
226800,1.0000,150
226900,0.6950,256
227000,1.0000,150
227100,0.6910,258
227200,1.0000,150
227300,1.0000,150
227400,0.6915,257
227500,1.0000,150
227600,1.0000,150
227700,1.0000,150
227800,0.7740,229
227900,1.0000,150
228000,0.6318,278
228100,0.3725,369
228200,1.0000,150
228300,1.0000,150
228400,0.7007,254
228500,1.0000,150
228600,1.0000,150
228700,0.6272,280
228800,1.0000,150
228900,0.6672,266
229000,0.2352,417
229100,1.0000,150
229200,0.6506,272
229300,1.0000,150
229400,1.0000,150
229500,0.5913,293
229600,1.0000,150
229700,0.6587,269
229800,1.0000,150
229900,0.6748,263
230000,1.0000,150
230100,1.0000,150
230200,0.6652,267
230300,1.0000,150
230400,1.0000,150
230500,1.0000,150
230600,0.7749,228
230700,1.0000,150
230800,0.7003,254
230900,1.0000,150
231000,1.0000,150
231100,0.6706,265
231200,1.0000,150
231300,1.0000,150
231400,0.6760,263
231500,0.3983,360
231600,1.0000,150
231700,1.0000,150
231800,0.6795,262
231900,0.4394,346
232000,0.3441,379
232100,1.0000,150
232200,1.0000,150
232300,0.6927,257
232400,1.0000,150
232500,1.0000,150
232600,0.6668,266
232700,1.0000,150
232800,1.0000,150
232900,0.6616,268
233000,0.3921,362
233100,1.0000,150
233200,0.6383,276
233300,1.0000,150
233400,1.0000,150
233500,0.7076,252
233600,0.3559,375
233700,0.3764,368
233800,1.0000,150
233900,0.3414,380
234000,0.3655,372
234100,1.0000,150
234200,1.0000,150
234300,0.6827,261
234400,1.0000,150
234500,1.0000,150
234600,0.6799,262
234700,0.3711,370
234800,0.4256,351
234900,1.0000,150
235000,1.0000,150
235100,0.6784,262
235200,1.0000,150
235300,1.0000,150
235400,1.0000,150
235500,0.7868,224
235600,1.0000,150
235700,1.0000,150
235800,1.0000,150
235900,0.7829,225
236000,1.0000,150
236100,0.6705,265
236200,1.0000,150
236300,1.0000,150
236400,0.7541,236
236500,0.3710,370
236600,1.0000,150
236700,1.0000,150
236800,0.6593,269
236900,1.0000,150
237000,0.5871,294
237100,1.0000,150
237200,0.6315,278
237300,1.0000,150
237400,0.6652,267
237500,1.0000,150
237600,1.0000,150
237700,0.6648,267
237800,1.0000,150
237900,0.6631,267
238000,1.0000,150
238100,1.0000,150
238200,0.7615,233
238300,1.0000,150
238400,0.3703,370
238500,0.2729,404
238600,0.3034,393
238700,0.3364,382
238800,0.3255,386
238900,0.3561,375
239000,1.0000,150
239100,0.4113,356
239200,0.3785,367
239300,0.1972,430
239400,0.3939,362
239500,1.0000,150
239600,0.3706,370
239700,0.3712,370
239800,0.3745,368
239900,1.0000,150
240000,0.3566,375
240100,0.3577,374
240200,0.3067,392
240300,0.3517,376
240400,1.0000,150
240500,0.3611,373
240600,0.3858,364
240700,0.3489,377
240800,0.3265,385
240900,1.0000,150
241000,0.2817,401
241100,0.3433,379
241200,1.0000,150
241300,0.6595,269
241400,1.0000,150
241500,0.6593,269
241600,1.0000,150
241700,1.0000,150
241800,0.6784,262
241900,0.3648,372
242000,1.0000,150
242100,1.0000,150
242200,0.6328,278
242300,1.0000,150
242400,1.0000,150
242500,0.7829,225
242600,1.0000,150
242700,1.0000,150
242800,0.6714,265
242900,1.0000,150
243000,1.0000,150
243100,0.6721,264
243200,1.0000,150
243300,1.0000,150
243400,1.0000,150
243500,0.7805,226
243600,0.3306,384
243700,1.0000,150
243800,0.6297,279
243900,0.3930,362
244000,1.0000,150
244100,1.0000,150
244200,1.0000,150
244300,0.7798,227
244400,0.3924,362
244500,1.0000,150
244600,1.0000,150
244700,0.6945,256
244800,1.0000,150
244900,1.0000,150
245000,0.6773,262
245100,1.0000,150
245200,1.0000,150
245300,1.0000,150
245400,0.7800,227
245500,1.0000,150
245600,0.6865,259
245700,1.0000,150
245800,1.0000,150
245900,0.6785,262
246000,1.0000,150
246100,1.0000,150
246200,0.6527,271
246300,0.3975,360
246400,0.2530,411
246500,1.0000,150
246600,1.0000,150
246700,0.6469,273
246800,1.0000,150
246900,1.0000,150
247000,0.6833,260
247100,1.0000,150
247200,0.2420,415
247300,1.0000,150
247400,0.2014,429
247500,0.7061,252
247600,0.1766,438
247700,0.0000,500
247800,0.5354,312
247900,0.0000,500
248000,0.3094,391
248100,0.1359,452
248200,0.3262,385
248300,0.0812,471
248400,0.6085,287
248500,0.3077,392
248600,0.3505,377
248700,0.3319,383
248800,0.3096,391
248900,0.3804,366
249000,1.0000,150
249100,0.3807,366
249200,0.3777,367
249300,0.3764,368
249400,1.0000,150
249500,0.2792,402
249600,0.3649,372
249700,1.0000,150
249800,0.3537,376
249900,1.0000,150
250000,0.7090,251
250100,1.0000,150
250200,0.3829,365
250300,1.0000,150
250400,0.6801,261
250500,1.0000,150
250600,1.0000,150
250700,0.6937,257
250800,1.0000,150
250900,1.0000,150
251000,1.0000,150
251100,0.7987,220
251200,1.0000,150
251300,1.0000,150
251400,0.6757,263
251500,0.3781,367
251600,1.0000,150
251700,1.0000,150
251800,0.6809,261
251900,1.0000,150
252000,0.6765,263
252100,1.0000,150
252200,0.5061,322
252300,1.0000,150
252400,0.6327,278
252500,1.0000,150
252600,1.0000,150
252700,0.7731,229
252800,1.0000,150
252900,1.0000,150
253000,1.0000,150
253100,0.7665,231
253200,1.0000,150
253300,0.6762,263
253400,0.3306,384
253500,1.0000,150
253600,1.0000,150
253700,0.6786,262
253800,1.0000,150
253900,0.6637,267
254000,1.0000,150
254100,0.6246,281
254200,1.0000,150
254300,1.0000,150
254400,0.6460,273
254500,1.0000,150
254600,0.6661,266
254700,0.3511,377
254800,1.0000,150
254900,1.0000,150
255000,0.6753,263
255100,1.0000,150
255200,0.6935,257
255300,1.0000,150
255400,1.0000,150
255500,0.6639,267
255600,1.0000,150
255700,0.6771,263
255800,1.0000,150
255900,0.2065,427
256000,1.0000,150
256100,0.6424,275
256200,1.0000,150
256300,0.5934,292
256400,0.5640,302
256500,1.0000,150
256600,0.6084,287
256700,1.0000,150
256800,0.6672,266
256900,1.0000,150
257000,1.0000,150
257100,1.0000,150
257200,0.7767,228
257300,1.0000,150
257400,0.6723,264
257500,1.0000,150
257600,1.0000,150
257700,1.0000,150
257800,0.7623,233
257900,1.0000,150
258000,0.3530,376
258100,1.0000,150
258200,0.6757,263
258300,1.0000,150
258400,1.0000,150
258500,0.6860,259
258600,1.0000,150
258700,0.6328,278
258800,1.0000,150
258900,0.6490,272
259000,1.0000,150
259100,1.0000,150
259200,0.6784,262
259300,1.0000,150
259400,1.0000,150
259500,0.6001,289
259600,1.0000,150
259700,0.5457,309
259800,0.6461,273
259900,1.0000,150
260000,0.6484,273
260100,0.3463,378
260200,1.0000,150
260300,0.3449,379
260400,1.0000,150
260500,0.6366,277
260600,1.0000,150
260700,0.6191,283
260800,1.0000,150
260900,1.0000,150
261000,0.6738,264
261100,1.0000,150
261200,1.0000,150
261300,0.6648,267
261400,1.0000,150
261500,0.6382,276
261600,1.0000,150
261700,1.0000,150
261800,0.6054,288
261900,1.0000,150
262000,0.5838,295
262100,0.2016,429
262200,1.0000,150
262300,0.6842,260
262400,1.0000,150
262500,1.0000,150
262600,1.0000,150
262700,0.6179,283
262800,1.0000,150
262900,0.6450,274
263000,1.0000,150
263100,0.6423,275
263200,1.0000,150
263300,0.6345,277
263400,1.0000,150
263500,1.0000,150
263600,0.7017,254
263700,1.0000,150
263800,0.6771,262
263900,1.0000,150
264000,0.6292,279
264100,1.0000,150
264200,1.0000,150
264300,0.6623,268
264400,1.0000,150
264500,0.6878,259
264600,1.0000,150
264700,1.0000,150
264800,1.0000,150
264900,1.0000,150
265000,0.7937,222
265100,0.3990,360
265200,1.0000,150
265300,1.0000,150
265400,0.6956,256
265500,1.0000,150
265600,1.0000,150
265700,1.0000,150
265800,0.7975,220
265900,1.0000,150
266000,0.3979,360
266100,1.0000,150
266200,0.6928,257
266300,1.0000,150
266400,1.0000,150
266500,0.6889,258
266600,1.0000,150
266700,1.0000,150
266800,0.6930,257
266900,1.0000,150
267000,0.6041,288
267100,1.0000,150
267200,0.6411,275
267300,1.0000,150
267400,0.6371,276
267500,0.7360,242
267600,0.3555,375
267700,0.6564,270
267800,0.3518,376
267900,0.3917,362
268000,0.3575,374
268100,0.3350,382
268200,0.3608,373
268300,1.0000,150
268400,0.6319,278
268500,0.3145,389
268600,0.3579,374
268700,0.3461,378
268800,0.2774,402
268900,0.6721,264
269000,0.3392,381
269100,1.0000,150
269200,0.2996,395
269300,0.2587,409
269400,0.3321,383
269500,0.3580,374
269600,0.3174,388
269700,0.1625,443
269800,1.0000,150
269900,0.5954,291
270000,1.0000,150
270100,0.6569,270
270200,1.0000,150
270300,0.6653,267
270400,1.0000,150
270500,1.0000,150
270600,0.6445,274
270700,0.3460,378
270800,0.2341,418
270900,1.0000,150
271000,0.6823,261
271100,1.0000,150
271200,1.0000,150
271300,0.6523,271
271400,1.0000,150
271500,0.6764,263
271600,1.0000,150
271700,0.1730,439
271800,1.0000,150
271900,0.6592,269
272000,1.0000,150
272100,1.0000,150
272200,0.6844,260
272300,1.0000,150
272400,0.6976,255
272500,1.0000,150
272600,1.0000,150
272700,0.6819,261
272800,1.0000,150
272900,1.0000,150
273000,1.0000,150
273100,0.7975,220
273200,1.0000,150
273300,0.3934,362
273400,1.0000,150
273500,0.5840,295
273600,1.0000,150
273700,0.5870,294
273800,1.0000,150
273900,0.5729,299
274000,0.3229,386
274100,0.3906,363
274200,1.0000,150
274300,1.0000,150
274400,0.6470,273
274500,1.0000,150
274600,0.6852,260
274700,1.0000,150
274800,1.0000,150
274900,0.6753,263
275000,1.0000,150
275100,1.0000,150
275200,0.6778,262
275300,1.0000,150
275400,0.6659,266
275500,1.0000,150
275600,1.0000,150
275700,1.0000,150
275800,0.7649,232
275900,0.3424,380
276000,1.0000,150
276100,1.0000,150
276200,0.6696,265
276300,1.0000,150
276400,1.0000,150
276500,1.0000,150
276600,0.7541,236
276700,1.0000,150
276800,1.0000,150
276900,0.6779,262
277000,1.0000,150
277100,0.6824,261
277200,1.0000,150
277300,1.0000,150
277400,0.6415,275
277500,1.0000,150
277600,1.0000,150
277700,0.7640,232
277800,1.0000,150
277900,0.6781,262
278000,1.0000,150
278100,1.0000,150
278200,1.0000,150
278300,0.7828,226
278400,1.0000,150
278500,1.0000,150
278600,0.6885,259
278700,1.0000,150
278800,0.6552,270
278900,1.0000,150
279000,0.3535,376
279100,0.3996,360
279200,1.0000,150
279300,1.0000,150
279400,0.6988,255
279500,1.0000,150
279600,1.0000,150
279700,0.7081,252
279800,1.0000,150
279900,1.0000,150
280000,0.6803,261
280100,1.0000,150
280200,0.6753,263
280300,1.0000,150
280400,1.0000,150
280500,0.6571,270
280600,1.0000,150
280700,1.0000,150
280800,0.6475,273
280900,1.0000,150
281000,1.0000,150
281100,1.0000,150
281200,0.7826,226
281300,0.4513,342
281400,0.2182,423
281500,0.3068,392
281600,0.2976,395
281700,1.0000,150
281800,0.3344,382
281900,0.3397,381
282000,0.3602,373
282100,0.3675,371
282200,0.3895,363
282300,1.0000,150
282400,0.3134,390
282500,0.2733,404
282600,0.4066,357
282700,0.3898,363
282800,1.0000,150
282900,0.3985,360
283000,0.3475,378
283100,0.3787,367
283200,0.3679,371
283300,1.0000,150
283400,0.4295,349
283500,1.0000,150
283600,0.6867,259
283700,1.0000,150
283800,0.3558,375
283900,0.3942,362
284000,1.0000,150
284100,0.6287,279
284200,0.3899,363
284300,1.0000,150
284400,1.0000,150
284500,0.6675,266
284600,1.0000,150
284700,0.6767,263
284800,1.0000,150
284900,1.0000,150
285000,0.6347,277
285100,1.0000,150
285200,1.0000,150
285300,0.4912,328
285400,0.6454,274
285500,1.0000,150
285600,1.0000,150
285700,0.7259,245
285800,0.0000,500
285900,0.6255,281
286000,1.0000,150
286100,1.0000,150
286200,1.0000,150
286300,0.7388,241
286400,1.0000,150
286500,0.6642,267
286600,1.0000,150
286700,0.6701,265
286800,1.0000,150
286900,0.3819,366
287000,1.0000,150
287100,1.0000,150
287200,0.6750,263
287300,1.0000,150
287400,1.0000,150
287500,0.6973,255
287600,1.0000,150
287700,1.0000,150
287800,0.6631,267
287900,1.0000,150
288000,1.0000,150
288100,0.7967,221
288200,1.0000,150
288300,1.0000,150
288400,0.6373,276
288500,1.0000,150
288600,1.0000,150
288700,1.0000,150
288800,0.8137,215
288900,1.0000,150
289000,0.4482,343
289100,0.3583,374
289200,0.3185,388
289300,1.0000,150
289400,1.0000,150
289500,0.7746,228
289600,1.0000,150
289700,0.3853,365
289800,1.0000,150
289900,0.6823,261
290000,1.0000,150
290100,1.0000,150
290200,0.6916,257
290300,1.0000,150
290400,1.0000,150
290500,0.6159,284
290600,1.0000,150
290700,0.6942,257
290800,1.0000,150
290900,1.0000,150
291000,0.6490,272
291100,0.2606,408
291200,0.2404,415
291300,1.0000,150
291400,0.2776,402
291500,1.0000,150
291600,0.6362,277
291700,0.3003,394
291800,1.0000,150
291900,1.0000,150
292000,0.6824,261
292100,1.0000,150
292200,1.0000,150
292300,0.6367,277
292400,1.0000,150
292500,0.6550,270
292600,1.0000,150
292700,1.0000,150
292800,0.6502,272
292900,0.3764,368
293000,1.0000,150
293100,0.6775,262
293200,1.0000,150
293300,1.0000,150
293400,0.6742,264
293500,1.0000,150
293600,0.6262,280
293700,1.0000,150
293800,0.6748,263
293900,1.0000,150
294000,0.3652,372
294100,0.3736,369
294200,1.0000,150
294300,1.0000,150
294400,0.6870,259
294500,1.0000,150
294600,1.0000,150
294700,0.5429,309
294800,1.0000,150
294900,0.6740,264
295000,1.0000,150
295100,1.0000,150
295200,1.0000,150
295300,0.7809,226
295400,1.0000,150
295500,1.0000,150
295600,1.0000,150
295700,0.7979,220
295800,1.0000,150
295900,0.6773,262
296000,1.0000,150
296100,1.0000,150
296200,0.6788,262
296300,1.0000,150
296400,1.0000,150
296500,0.6906,258
296600,0.4030,358
296700,1.0000,150
296800,1.0000,150
296900,0.6771,263
297000,0.2444,414
297100,0.2467,413
297200,1.0000,150
297300,0.6365,277
297400,0.2555,410
297500,1.0000,150
297600,0.6233,281
297700,1.0000,150
297800,0.6789,262
297900,1.0000,150
298000,0.0000,500
298100,0.6081,287
298200,1.0000,150
298300,0.7627,233
298400,1.0000,150
298500,1.0000,150
298600,0.6289,279
298700,1.0000,150
298800,0.6448,274
298900,1.0000,150
299000,0.6368,277
299100,1.0000,150
299200,0.6591,269
299300,1.0000,150
299400,0.6534,271
299500,1.0000,150
299600,0.6266,280
299700,1.0000,150
299800,0.4953,326
299900,0.0000,500
300000,0.4824,331
300100,0.6021,289
300200,0.3075,392
300300,0.3080,392
300400,0.2631,407
300500,0.2932,397
300600,0.2633,407
300700,0.3017,394
300800,0.3312,384
300900,0.3969,361
301000,0.3333,383
301100,1.0000,150
301200,0.3575,374
301300,0.2500,412
301400,0.2868,399
301500,0.3368,382
301600,0.3643,372
301700,0.2286,420
301800,0.1967,431
301900,0.2460,413
302000,0.6406,275
302100,0.3463,378
302200,1.0000,150
302300,0.3505,377
302400,0.3240,386
302500,0.2762,403
302600,0.3447,379
302700,0.3562,375
302800,0.3637,372
302900,0.3056,393
303000,0.3159,389
303100,0.3768,368
303200,0.3355,382
303300,0.3046,393
303400,1.0000,150
303500,0.6348,277
303600,1.0000,150
303700,0.2788,402
303800,0.3080,392
303900,0.3494,377
304000,0.3055,393
304100,0.3109,391
304200,0.2465,413
304300,0.3138,390
304400,0.3285,385
304500,0.3100,391
304600,0.3220,387
304700,0.3461,378
304800,0.3532,376
304900,1.0000,150
305000,0.3326,383
305100,0.2635,407
305200,0.3436,379
305300,0.3791,367
305400,0.3475,378
305500,0.3196,388
305600,1.0000,150
305700,0.4066,357
305800,0.3755,368
305900,0.3893,363
306000,0.2962,396
306100,0.2944,396
306200,1.0000,150
306300,0.2404,415
306400,0.3857,365
306500,0.3456,379
306600,0.3622,373
306700,0.2821,401
306800,0.2759,403
306900,0.3111,391
307000,0.1977,430
307100,0.2583,409
307200,0.3406,380
307300,0.3401,380
307400,1.0000,150
307500,0.3289,384
307600,0.4020,359
307700,0.3744,368
307800,0.3810,366
307900,1.0000,150
308000,0.3577,374
308100,0.3716,369
308200,0.3802,366
308300,0.3700,370
308400,1.0000,150
308500,1.0000,150
308600,0.6815,261
308700,1.0000,150
308800,1.0000,150
308900,0.6882,259
309000,0.2747,403
309100,0.2042,428
309200,0.3480,378
309300,0.2527,411
309400,0.3755,368
309500,0.2896,398
309600,0.4523,341
309700,0.4011,359
309800,1.0000,150
309900,0.3938,362
310000,0.3983,360
310100,0.3984,360
310200,0.4122,355
310300,0.4007,359
310400,0.3906,363
310500,0.3041,393
310600,1.0000,150
310700,0.6161,284
310800,0.2940,397
310900,0.2815,401
311000,0.3243,386
311100,0.3196,388
311200,0.3486,377
311300,1.0000,150
311400,0.4096,356
311500,0.3170,389
311600,0.3530,376
311700,0.3642,372
311800,0.3468,378
311900,0.3280,385
312000,0.3793,367
312100,0.3526,376
312200,1.0000,150
312300,0.4013,359
312400,0.2768,403
312500,0.2487,412
312600,1.0000,150
312700,0.6698,265
312800,1.0000,150
312900,0.6298,279
313000,1.0000,150
313100,0.6520,271
313200,0.3658,371
313300,1.0000,150
313400,0.6352,277
313500,0.3748,368
313600,0.3800,367
313700,0.3895,363
313800,0.3914,363
313900,0.3820,366
314000,0.3598,374
314100,1.0000,150
314200,0.3025,394
314300,0.3084,392
314400,0.2527,411
314500,0.2436,414
314600,0.3041,393
314700,0.3100,391
314800,0.3145,389
314900,0.3043,393
315000,0.2833,400
315100,1.0000,150
315200,0.3005,394
315300,0.2718,404
315400,0.3145,389
315500,0.3141,390
315600,0.2183,423
315700,0.3114,391
315800,0.2697,405
315900,0.2953,396
316000,0.2966,396
316100,0.2419,415
316200,0.2503,412
316300,0.2852,400
316400,0.3755,368
316500,0.3984,360
316600,1.0000,150
316700,0.3614,373
316800,0.3750,368
316900,1.0000,150
317000,0.6501,272
317100,1.0000,150
317200,0.3232,386
317300,1.0000,150
317400,0.6888,258
317500,1.0000,150
317600,0.6557,270
317700,1.0000,150
317800,0.5479,308
317900,0.3610,373
318000,0.3315,383
318100,1.0000,150
318200,0.3820,366
318300,0.3825,366
318400,0.3785,367
318500,1.0000,150
318600,0.3561,375
318700,0.3798,367
318800,0.3823,366
318900,1.0000,150
319000,0.3470,378
319100,0.3144,389
319200,0.3591,374
319300,0.4095,356
319400,1.0000,150
319500,0.3713,370
319600,0.3761,368
319700,0.3221,387
319800,0.2920,397
319900,0.3494,377
320000,0.3706,370
320100,0.3832,365
320200,1.0000,150
320300,0.3433,379
320400,0.3790,367
320500,0.4264,350
320600,1.0000,150
320700,0.3741,369
320800,0.3553,375
320900,0.4128,355
321000,0.3221,387
321100,0.3068,392
321200,1.0000,150
321300,0.3060,392
321400,0.2712,405
321500,0.3072,392
321600,1.0000,150
321700,0.6767,263
321800,1.0000,150
321900,1.0000,150
322000,1.0000,150
322100,0.7880,224
322200,1.0000,150
322300,0.5714,299
322400,0.3505,377
322500,1.0000,150
322600,0.3994,360
322700,0.3805,366
322800,0.4354,347
322900,1.0000,150
323000,0.3854,365
323100,0.2946,396
323200,0.3960,361
323300,1.0000,150
323400,0.3994,360
323500,0.3307,384
323600,0.2416,415
323700,0.2416,415
323800,0.3349,382
323900,0.3672,371
324000,0.3230,386
324100,0.3045,393
324200,0.3745,368
324300,0.3851,365
324400,0.2337,418
324500,0.2681,406
324600,0.3157,389
324700,1.0000,150
324800,0.2385,416
324900,0.2753,403
325000,0.3232,386
325100,0.3482,378
325200,0.2989,395
325300,0.2473,413
325400,1.0000,150
325500,0.2654,407
325600,0.3837,365
325700,0.3433,379
325800,0.3436,379
325900,0.3261,385
326000,1.0000,150
326100,0.3780,367
326200,0.3890,363
326300,1.0000,150
326400,1.0000,150
326500,0.6539,271
326600,0.0000,500
326700,0.6974,255
326800,0.3746,368
326900,1.0000,150
327000,0.6682,266
327100,1.0000,150
327200,1.0000,150
327300,0.6229,281
327400,1.0000,150
327500,0.6604,268
327600,1.0000,150
327700,1.0000,150
327800,0.6838,260
327900,1.0000,150
328000,1.0000,150
328100,0.6771,263
328200,1.0000,150
328300,0.6840,260
328400,0.2252,421
328500,1.0000,150
328600,0.3010,394
328700,1.0000,150
328800,0.6749,263
328900,1.0000,150
329000,0.4416,345
329100,0.3141,390
329200,0.0784,472
329300,0.0000,500
329400,0.6050,288
329500,1.0000,150
329600,0.3437,379
329700,1.0000,150
329800,0.6567,270
329900,0.2146,424
330000,1.0000,150
330100,1.0000,150
330200,0.6405,275
330300,0.0000,500
330400,0.2417,415
330500,1.0000,150
330600,0.7074,252
330700,0.4059,357
330800,1.0000,150
330900,0.1458,448
331000,0.3275,385
331100,0.3488,377
331200,0.3610,373
331300,0.3284,385
331400,1.0000,150
331500,0.6582,269
331600,1.0000,150
331700,0.2686,406
331800,0.3807,366
331900,0.3593,374
332000,0.3633,372
332100,0.3682,371
332200,1.0000,150
332300,0.3452,379
332400,0.3680,371
332500,0.3659,371
332600,1.0000,150
332700,0.3523,376
332800,0.2883,399
332900,0.3428,380
333000,0.3539,376
333100,1.0000,150
333200,0.3617,373
333300,0.3740,369
333400,1.0000,150
333500,0.3320,383
333600,0.3988,360
333700,0.3614,373
333800,1.0000,150
333900,0.4035,358
334000,1.0000,150
334100,0.5984,290
334200,1.0000,150
334300,0.3845,365
334400,0.3432,379
334500,0.3701,370
334600,1.0000,150
334700,1.0000,150
334800,0.6884,259
334900,1.0000,150
335000,0.6772,262
335100,1.0000,150
335200,1.0000,150
335300,0.6792,262
335400,1.0000,150
335500,1.0000,150
335600,0.6680,266
335700,1.0000,150
335800,0.6465,273
335900,1.0000,150
336000,0.6762,263
336100,1.0000,150
336200,1.0000,150
336300,0.6802,261
336400,1.0000,150
336500,0.3335,383
336600,1.0000,150
336700,0.6926,257
336800,1.0000,150
336900,0.4175,353
337000,1.0000,150
337100,0.6943,257
337200,1.0000,150
337300,0.3652,372
337400,1.0000,150
337500,0.6727,264
337600,1.0000,150
337700,1.0000,150
337800,0.6901,258
337900,1.0000,150
338000,1.0000,150
338100,1.0000,150
338200,1.0000,150
338300,0.7692,230
338400,1.0000,150
338500,0.6706,265
338600,1.0000,150
338700,1.0000,150
338800,0.7819,226
338900,1.0000,150
339000,0.3416,380
339100,1.0000,150
339200,0.6802,261
339300,1.0000,150
339400,1.0000,150
339500,0.6822,261
339600,1.0000,150
339700,0.6465,273
339800,1.0000,150
339900,1.0000,150
340000,0.7654,232
340100,1.0000,150
340200,0.6626,268
340300,1.0000,150
340400,1.0000,150
340500,1.0000,150
340600,0.7639,232
340700,1.0000,150
340800,0.6551,270
340900,1.0000,150
341000,0.6218,282
341100,1.0000,150
341200,1.0000,150
341300,0.6907,258
341400,0.3111,391
341500,1.0000,150
341600,1.0000,150
341700,0.6777,262
341800,1.0000,150
341900,0.5789,297
342000,0.3931,362
342100,1.0000,150
342200,0.3729,369
342300,0.3928,362
342400,0.3962,361
342500,1.0000,150
342600,0.4284,350
342700,0.3903,363
342800,0.3533,376
342900,1.0000,150
343000,0.4159,354
343100,0.4270,350
343200,1.0000,150
343300,0.2850,400
343400,0.3257,386
343500,0.3983,360
343600,1.0000,150
343700,0.4081,357
343800,0.3855,365
343900,0.3097,391
344000,1.0000,150
344100,0.4171,354
344200,0.3906,363
344300,0.3984,360
344400,1.0000,150
344500,0.3111,391
344600,0.2622,408
344700,0.3010,394
344800,0.3659,371
344900,1.0000,150
345000,0.3396,381
345100,0.3941,362
345200,0.3031,393
345300,0.3827,366
345400,1.0000,150
345500,0.3921,362
345600,0.2921,397
345700,0.1422,450
345800,0.3768,368
345900,1.0000,150
346000,0.3975,360
346100,0.4177,353
346200,1.0000,150
346300,0.3948,361
346400,0.3766,368
346500,0.3946,361
346600,1.0000,150
346700,0.3937,362
346800,0.4032,358
346900,1.0000,150
347000,0.4059,357
347100,0.3763,368
347200,0.3994,360
347300,1.0000,150
347400,0.3822,366
347500,1.0000,150
347600,1.0000,150
347700,0.6931,257
347800,1.0000,150
347900,0.6928,257
348000,1.0000,150
348100,1.0000,150
348200,0.6444,274
348300,1.0000,150
348400,0.6517,271
348500,1.0000,150
348600,1.0000,150
348700,0.7598,234
348800,1.0000,150
348900,1.0000,150
349000,0.6901,258
349100,1.0000,150
349200,0.3528,376
349300,1.0000,150
349400,0.7047,253
349500,1.0000,150
349600,1.0000,150
349700,0.6574,269
349800,1.0000,150
349900,0.5974,290
350000,1.0000,150
350100,0.6429,274
350200,0.3725,369
350300,1.0000,150
350400,0.3440,379
350500,1.0000,150
350600,1.0000,150
350700,1.0000,150
350800,0.7992,220
350900,1.0000,150
351000,0.6361,277
351100,1.0000,150
351200,1.0000,150
351300,0.7039,253
351400,0.3370,382
351500,1.0000,150
351600,1.0000,150
351700,0.6341,278
351800,1.0000,150
351900,1.0000,150
352000,1.0000,150
352100,0.7761,228
352200,1.0000,150
352300,0.6814,261
352400,1.0000,150
352500,0.3615,373
352600,1.0000,150
352700,0.6298,279
352800,1.0000,150
352900,0.6299,279
353000,1.0000,150
353100,1.0000,150
353200,0.5551,305
353300,1.0000,150
353400,0.6535,271
353500,1.0000,150
353600,0.6559,270
353700,1.0000,150
353800,0.5662,301
353900,0.2754,403
354000,1.0000,150
354100,1.0000,150
354200,0.6632,267
354300,1.0000,150
354400,0.6496,272
354500,1.0000,150
354600,0.6300,279
354700,1.0000,150
354800,0.6426,275
354900,1.0000,150
355000,1.0000,150
355100,0.6194,283
355200,1.0000,150
355300,1.0000,150
355400,0.7734,229
355500,1.0000,150
355600,1.0000,150
355700,0.6790,262
355800,1.0000,150
355900,1.0000,150
356000,0.6659,266
356100,1.0000,150
356200,0.6806,261
356300,1.0000,150
356400,0.2445,414
356500,0.6554,270
356600,1.0000,150
356700,1.0000,150
356800,0.6720,264
356900,1.0000,150
357000,1.0000,150
357100,0.6736,264
357200,1.0000,150
357300,0.6730,264
357400,1.0000,150
357500,1.0000,150
357600,0.6679,266
357700,1.0000,150
357800,1.0000,150
357900,0.7402,240
358000,1.0000,150
358100,1.0000,150
358200,0.5876,294
358300,1.0000,150
358400,0.6613,268
358500,1.0000,150
358600,0.6657,266
358700,1.0000,150
358800,0.3339,383
358900,1.0000,150
359000,0.7110,251
359100,1.0000,150
359200,1.0000,150
359300,0.6737,264
359400,0.3510,377
359500,1.0000,150
359600,0.3739,369
359700,1.0000,150
359800,1.0000,150
359900,0.6831,260
360000,1.0000,150
360100,0.6631,267
360200,1.0000,150
360300,1.0000,150
360400,1.0000,150
360500,0.7464,238
360600,1.0000,150
360700,0.7051,253
360800,1.0000,150
360900,1.0000,150
361000,0.6635,267
361100,1.0000,150
361200,1.0000,150
361300,0.6574,269
361400,0.3595,374
361500,1.0000,150
361600,1.0000,150
361700,1.0000,150
361800,0.7609,233
361900,1.0000,150
362000,0.6276,280
362100,1.0000,150
362200,0.6476,273
362300,1.0000,150
362400,0.6372,276
362500,1.0000,150
362600,0.6243,281
362700,1.0000,150
362800,0.6369,277
362900,1.0000,150
363000,0.5338,313
363100,1.0000,150
363200,0.6486,272
363300,1.0000,150
363400,0.6637,267
363500,0.3644,372
363600,1.0000,150
363700,1.0000,150
363800,0.6726,264
363900,1.0000,150
364000,1.0000,150
364100,0.6672,266
364200,1.0000,150
364300,0.5636,302
364400,1.0000,150
364500,0.6590,269
364600,0.3245,386
364700,1.0000,150
364800,1.0000,150
364900,0.6562,270
365000,1.0000,150
365100,1.0000,150
365200,0.6769,263
365300,1.0000,150
365400,0.6599,269
365500,1.0000,150
365600,1.0000,150
365700,0.5894,293
365800,1.0000,150
365900,0.6417,275
366000,0.3368,382
366100,1.0000,150
366200,0.6316,278
366300,1.0000,150
366400,1.0000,150
366500,0.6711,265
366600,0.3593,374
366700,0.3682,371
366800,1.0000,150
366900,1.0000,150
367000,0.6546,270
367100,1.0000,150
367200,1.0000,150
367300,0.6668,266
367400,0.3386,381
367500,1.0000,150
367600,0.6420,275
367700,1.0000,150
367800,0.3435,379
367900,0.3314,384
368000,1.0000,150
368100,1.0000,150
368200,0.6719,264
368300,1.0000,150
368400,0.6637,267
368500,1.0000,150
368600,0.2354,417
368700,0.6671,266
368800,1.0000,150
368900,1.0000,150
369000,0.6676,266
369100,1.0000,150
369200,1.0000,150
369300,0.5785,297
369400,0.3931,362
369500,1.0000,150
369600,0.6113,286
369700,1.0000,150
369800,0.6523,271
369900,1.0000,150
370000,0.6545,270
370100,1.0000,150
370200,1.0000,150
370300,0.6581,269
370400,1.0000,150
370500,0.6651,267
370600,1.0000,150
370700,0.6720,264
370800,1.0000,150
370900,0.3715,369
371000,1.0000,150
371100,0.6204,282
371200,1.0000,150
371300,1.0000,150
371400,1.0000,150
371500,0.7726,229
371600,1.0000,150
371700,0.6750,263
371800,1.0000,150
371900,0.6580,269
372000,1.0000,150
372100,1.0000,150
372200,0.5820,296
372300,0.5149,319
372400,0.2414,415
372500,1.0000,150
372600,0.6640,267
372700,1.0000,150
372800,1.0000,150
372900,1.0000,150
373000,0.7755,228
373100,1.0000,150
373200,0.6300,279
373300,1.0000,150
373400,1.0000,150
373500,0.7705,230
373600,1.0000,150
373700,1.0000,150
373800,0.6622,268
373900,0.3539,376
374000,1.0000,150
374100,1.0000,150
374200,0.6723,264
374300,1.0000,150
374400,0.6690,265
374500,1.0000,150
374600,1.0000,150
374700,0.6723,264
374800,1.0000,150
374900,1.0000,150
375000,0.6490,272
375100,0.3093,391
375200,1.0000,150
375300,0.3199,388
375400,0.2655,407
375500,0.2492,412
375600,1.0000,150
375700,0.6415,275
375800,1.0000,150
375900,0.6292,279
376000,1.0000,150
376100,1.0000,150
376200,0.6456,274
376300,1.0000,150
376400,0.6509,272
376500,1.0000,150
376600,0.6668,266
376700,1.0000,150
376800,1.0000,150
376900,0.7617,233
377000,1.0000,150
377100,1.0000,150
377200,0.6475,273
377300,1.0000,150
377400,0.6449,274
377500,1.0000,150
377600,0.6239,281
377700,0.3066,392
377800,1.0000,150
377900,1.0000,150
378000,0.6199,283
378100,1.0000,150
378200,0.6504,272
378300,1.0000,150
378400,0.6188,283
378500,1.0000,150
378600,0.6362,277
378700,1.0000,150
378800,1.0000,150
378900,0.7430,239
379000,1.0000,150
379100,0.6154,284
379200,1.0000,150
379300,0.6525,271
379400,1.0000,150
379500,1.0000,150
379600,0.6147,284
379700,1.0000,150
379800,0.5505,307
379900,0.6419,275
380000,0.3026,394
380100,1.0000,150
380200,0.7580,234
380300,1.0000,150
380400,0.6323,278
380500,1.0000,150
380600,0.3768,368
380700,1.0000,150
380800,0.6785,262
380900,1.0000,150
381000,1.0000,150
381100,0.7574,234
381200,1.0000,150
381300,1.0000,150
381400,0.6651,267
381500,1.0000,150
381600,1.0000,150
381700,0.6696,265
381800,1.0000,150
381900,0.6769,263
382000,1.0000,150
382100,0.2993,395
382200,0.3022,394
382300,1.0000,150
382400,0.6771,263
382500,1.0000,150
382600,0.3641,372
382700,1.0000,150
382800,0.6734,264
382900,1.0000,150
383000,1.0000,150
383100,0.6887,258
383200,1.0000,150
383300,1.0000,150
383400,0.6820,261
383500,1.0000,150
383600,1.0000,150
383700,1.0000,150
383800,0.7789,227
383900,1.0000,150
384000,0.5782,297
384100,0.4661,336
384200,0.5038,323
384300,0.2760,403
384400,1.0000,150
384500,1.0000,150
384600,1.0000,150
384700,0.7629,232
384800,1.0000,150
384900,0.6593,269
385000,1.0000,150
385100,1.0000,150
385200,0.6619,268
385300,1.0000,150
385400,0.6691,265
385500,1.0000,150
385600,1.0000,150
385700,0.6677,266
385800,1.0000,150
385900,1.0000,150
386000,0.6717,264
386100,1.0000,150
386200,0.6728,264
386300,1.0000,150
386400,1.0000,150
386500,1.0000,150
386600,1.0000,150
386700,0.7832,225
386800,0.3781,367
386900,1.0000,150
387000,1.0000,150
387100,0.6232,281
387200,1.0000,150
387300,0.6728,264
387400,1.0000,150
387500,1.0000,150
387600,0.6778,262
387700,0.3321,383
387800,0.3570,375
387900,0.2958,396
388000,0.3243,386
388100,1.0000,150
388200,0.3455,379
388300,0.3523,376
388400,0.3449,379
388500,1.0000,150
388600,0.3634,372
388700,0.3757,368
388800,0.3642,372
388900,1.0000,150
389000,0.2402,415
389100,0.3249,386
389200,0.3646,372
389300,0.3837,365
389400,1.0000,150
389500,0.3857,365
389600,0.2581,409
389700,0.3968,361
389800,1.0000,150
389900,0.3427,380
390000,0.3839,365
390100,0.3722,369
390200,1.0000,150
390300,0.3576,374
390400,0.3767,368
390500,1.0000,150
390600,1.0000,150
390700,0.6758,263
390800,0.3520,376
390900,1.0000,150
391000,1.0000,150
391100,0.6679,266
391200,1.0000,150
391300,1.0000,150
391400,0.6732,264
391500,1.0000,150
391600,0.6285,280
391700,1.0000,150
391800,0.4365,347
391900,0.3000,395
392000,1.0000,150
392100,0.6423,275
392200,1.0000,150
392300,0.6582,269
392400,1.0000,150
392500,1.0000,150
392600,0.6539,271
392700,1.0000,150
392800,1.0000,150
392900,0.6856,260
393000,1.0000,150
393100,0.6756,263
393200,1.0000,150
393300,1.0000,150
393400,0.6757,263
393500,1.0000,150
393600,0.6209,282
393700,1.0000,150
393800,1.0000,150
393900,0.6780,262
394000,1.0000,150
394100,0.6689,265
394200,1.0000,150
394300,1.0000,150
394400,0.6686,266
394500,1.0000,150
394600,0.3403,380
394700,1.0000,150
394800,0.6667,266
394900,1.0000,150
395000,1.0000,150
395100,0.6701,265
395200,0.3665,371
395300,0.3386,381
395400,1.0000,150
395500,1.0000,150
395600,0.6832,260
395700,1.0000,150
395800,1.0000,150
395900,0.7150,249
396000,1.0000,150
396100,0.6048,288
396200,0.3130,390
396300,1.0000,150
396400,0.6336,278
396500,1.0000,150
396600,1.0000,150
396700,0.7730,229
396800,1.0000,150
396900,0.6770,263
397000,1.0000,150
397100,1.0000,150
397200,0.6699,265
397300,0.3397,381
397400,1.0000,150
397500,1.0000,150
397600,0.6776,262
397700,1.0000,150
397800,0.6892,258
397900,1.0000,150
398000,1.0000,150
398100,0.6634,267
398200,1.0000,150
398300,1.0000,150
398400,1.0000,150
398500,0.7776,227
398600,1.0000,150
398700,1.0000,150
398800,0.6808,261
398900,1.0000,150
399000,0.6989,255
399100,1.0000,150
399200,0.3619,373
399300,0.2072,427
399400,0.4430,344
399500,0.2981,395
399600,1.0000,150
399700,0.3696,370
399800,0.3762,368
399900,0.3634,372
400000,1.0000,150
400100,0.2200,423
400200,0.3682,371
400300,0.3469,378
400400,0.3408,380
400500,0.3697,370
400600,0.3695,370
400700,1.0000,150
400800,0.3667,371
400900,0.3673,371
401000,1.0000,150
401100,0.3900,363
401200,0.4100,356
401300,0.3761,368
401400,1.0000,150
401500,0.3807,366
401600,0.3672,371
401700,0.3528,376
401800,0.3369,382
401900,1.0000,150
402000,0.3844,365
402100,0.3763,368
402200,1.0000,150
402300,1.0000,150
402400,0.6742,264
402500,1.0000,150
402600,1.0000,150
402700,1.0000,150
402800,0.7985,220
402900,1.0000,150
403000,0.5826,296
403100,1.0000,150
403200,1.0000,150
403300,0.7480,238
403400,1.0000,150
403500,0.6853,260
403600,1.0000,150
403700,1.0000,150
403800,0.7125,250
403900,1.0000,150
404000,1.0000,150
404100,1.0000,150
404200,0.7489,237
404300,0.3278,385
404400,1.0000,150
404500,0.7505,237
404600,1.0000,150
404700,1.0000,150
404800,0.6499,272
404900,1.0000,150
405000,0.6605,268
405100,1.0000,150
405200,0.6456,274
405300,1.0000,150
405400,0.3444,379
405500,0.5922,292
405600,1.0000,150
405700,0.5783,297
405800,1.0000,150
405900,0.6248,281
406000,1.0000,150
406100,0.6009,289
406200,0.1425,450
406300,1.0000,150
406400,0.7559,235
406500,1.0000,150
406600,0.2310,419
406700,1.0000,150
406800,0.7195,248
406900,1.0000,150
407000,1.0000,150
407100,0.6421,275
407200,1.0000,150
407300,0.6530,271
407400,1.0000,150
407500,0.6587,269
407600,1.0000,150
407700,1.0000,150
407800,0.6324,278
407900,1.0000,150
408000,0.6849,260
408100,1.0000,150
408200,0.6657,266
408300,0.2977,395
408400,1.0000,150
408500,1.0000,150
408600,0.6474,273
408700,1.0000,150
408800,0.6312,279
408900,0.3148,389
409000,1.0000,150
409100,1.0000,150
409200,1.0000,150
409300,0.7532,236
409400,0.6092,286
409500,1.0000,150
409600,0.1486,448
409700,0.6188,283
409800,1.0000,150
409900,0.6329,278
410000,1.0000,150
410100,1.0000,150
410200,1.0000,150
410300,0.7823,226
410400,0.3761,368
410500,1.0000,150
410600,1.0000,150
410700,0.6737,264
410800,1.0000,150
410900,0.6649,267
411000,0.3767,368
411100,1.0000,150
411200,1.0000,150
411300,0.6632,267
411400,1.0000,150
411500,0.6187,283
411600,1.0000,150
411700,0.6729,264
411800,1.0000,150
411900,1.0000,150
412000,1.0000,150
412100,0.7475,238
412200,1.0000,150
412300,1.0000,150
412400,0.7001,254
412500,1.0000,150
412600,0.6936,257
412700,1.0000,150
412800,1.0000,150
412900,0.6836,260
413000,0.3485,378
413100,1.0000,150
413200,1.0000,150
413300,0.6296,279
413400,1.0000,150
413500,0.6711,265
413600,1.0000,150
413700,1.0000,150
413800,0.6860,259
413900,1.0000,150
414000,1.0000,150
414100,1.0000,150
414200,0.7843,225
414300,0.4268,350
414400,1.0000,150
414500,1.0000,150
414600,1.0000,150
414700,1.0000,150
414800,0.8015,219
414900,1.0000,150
415000,0.6719,264
415100,1.0000,150
415200,1.0000,150
415300,0.6912,258
415400,1.0000,150
415500,1.0000,150
415600,0.6900,258
415700,0.1800,437
415800,1.0000,150
415900,0.6665,266
416000,1.0000,150
416100,1.0000,150
416200,0.6680,266
416300,1.0000,150
416400,0.6545,270
416500,1.0000,150
416600,1.0000,150
416700,0.6918,257
416800,1.0000,150
416900,0.3740,369
417000,0.3548,375
417100,1.0000,150
417200,1.0000,150
417300,1.0000,150
417400,0.7772,227
417500,1.0000,150
417600,0.7392,241
417700,1.0000,150
417800,1.0000,150
417900,0.6459,273
418000,1.0000,150
418100,1.0000,150
418200,0.6624,268
418300,0.3548,375
418400,1.0000,150
418500,1.0000,150
418600,1.0000,150
418700,0.7863,224
418800,0.3734,369
418900,1.0000,150
419000,1.0000,150
419100,0.6466,273
419200,1.0000,150
419300,0.6862,259
419400,1.0000,150
419500,1.0000,150
419600,0.6926,257
419700,1.0000,150
419800,1.0000,150
419900,0.6861,259
420000,0.3487,377
420100,1.0000,150
420200,0.6117,285
420300,1.0000,150
420400,0.6304,279
420500,1.0000,150
420600,1.0000,150
420700,0.6805,261
420800,0.3644,372
420900,1.0000,150
421000,0.6805,261
421100,1.0000,150
421200,1.0000,150
421300,0.5704,300
421400,1.0000,150
421500,0.6282,280
421600,1.0000,150
421700,0.6627,268
421800,1.0000,150
421900,0.6706,265
422000,1.0000,150
422100,1.0000,150
422200,0.7803,226
422300,1.0000,150
422400,1.0000,150
422500,0.6725,264
422600,0.3750,368
422700,1.0000,150
422800,1.0000,150
422900,1.0000,150
423000,0.7879,224
423100,1.0000,150
423200,0.6172,283
423300,1.0000,150
423400,0.6233,281
423500,1.0000,150
423600,1.0000,150
423700,0.6642,267
423800,1.0000,150
423900,1.0000,150
424000,0.7576,234
424100,1.0000,150
424200,0.6340,278
424300,0.2863,399
424400,1.0000,150
424500,0.6584,269
424600,1.0000,150
424700,0.6361,277
424800,1.0000,150
424900,0.6516,271
425000,1.0000,150
425100,1.0000,150
425200,0.6614,268
425300,0.2399,416
425400,1.0000,150
425500,1.0000,150
425600,0.7854,225
425700,1.0000,150
425800,1.0000,150
425900,0.6952,256
426000,1.0000,150
426100,0.6913,258
426200,1.0000,150
426300,1.0000,150
426400,1.0000,150
426500,0.7830,225
426600,1.0000,150
426700,1.0000,150
426800,1.0000,150
426900,0.7824,226
427000,1.0000,150
427100,0.7019,254
427200,1.0000,150
427300,1.0000,150
427400,1.0000,150
427500,0.7847,225
427600,0.3873,364
427700,1.0000,150
427800,1.0000,150
427900,0.6323,278
428000,0.6334,278
428100,1.0000,150
428200,1.0000,150
428300,0.6529,271
428400,1.0000,150
428500,0.5885,294
428600,1.0000,150
428700,0.6075,287
428800,1.0000,150
428900,0.6428,275
429000,1.0000,150
429100,0.6347,277
429200,1.0000,150
429300,1.0000,150
429400,0.6849,260
429500,1.0000,150
429600,0.6633,267
429700,1.0000,150
429800,1.0000,150
429900,0.6683,266
430000,0.3069,392
430100,1.0000,150
430200,0.3747,368
430300,0.3833,365
430400,1.0000,150
430500,0.6786,262
430600,1.0000,150
430700,1.0000,150
430800,0.6612,268
430900,1.0000,150
431000,1.0000,150
431100,0.6862,259
431200,0.4395,346
431300,1.0000,150
431400,0.3925,362
431500,1.0000,150
431600,1.0000,150
431700,0.7532,236
431800,1.0000,150
431900,1.0000,150
432000,0.6708,265
432100,1.0000,150
432200,0.6415,275
432300,1.0000,150
432400,0.6889,258
432500,0.3388,381
432600,1.0000,150
432700,1.0000,150
432800,0.7626,233
432900,0.2913,398
433000,1.0000,150
433100,0.6389,276
433200,1.0000,150
433300,0.6667,266
433400,1.0000,150
433500,0.6819,261
433600,1.0000,150
433700,1.0000,150
433800,0.7371,241
433900,0.3197,388
434000,1.0000,150
434100,0.6031,288
434200,0.3293,384
434300,0.2942,397
434400,1.0000,150
434500,0.3525,376
434600,0.4001,359
434700,0.3865,364
434800,1.0000,150
434900,0.4174,353
435000,0.3563,375
435100,0.3598,374
435200,1.0000,150
435300,0.2903,398
435400,0.3274,385
435500,0.3772,367
435600,0.3330,383
435700,0.3727,369
435800,0.3333,383
435900,0.3644,372
436000,0.3486,377
436100,0.4095,356
436200,0.3804,366
436300,1.0000,150
436400,1.0000,150
436500,1.0000,150
436600,0.7900,223
436700,1.0000,150
436800,0.6812,261
436900,1.0000,150
437000,1.0000,150
437100,0.6882,259
437200,1.0000,150
437300,0.6878,259
437400,1.0000,150
437500,1.0000,150
437600,1.0000,150
437700,0.7843,225
437800,1.0000,150
437900,0.3681,371
438000,1.0000,150
438100,0.6676,266
438200,0.2337,418
438300,1.0000,150
438400,1.0000,150
438500,0.6431,274
438600,1.0000,150
438700,0.6806,261
438800,1.0000,150
438900,1.0000,150
439000,1.0000,150
439100,0.7790,227
439200,1.0000,150
439300,0.6320,278
439400,1.0000,150
439500,1.0000,150
439600,0.7857,225
439700,1.0000,150
439800,0.6543,270
439900,1.0000,150
440000,1.0000,150
440100,0.6568,270
440200,1.0000,150
440300,0.6335,278
440400,1.0000,150
440500,1.0000,150
440600,1.0000,150
440700,0.7714,230
440800,1.0000,150
440900,0.6624,268
441000,1.0000,150
441100,1.0000,150
441200,0.6864,259
441300,1.0000,150
441400,0.6820,261
441500,1.0000,150
441600,0.3684,371
441700,1.0000,150
441800,1.0000,150
441900,1.0000,150
442000,0.7742,229
442100,1.0000,150
442200,0.6686,265
442300,1.0000,150
442400,1.0000,150
442500,0.6581,269
442600,1.0000,150
442700,0.6905,258
442800,1.0000,150
442900,1.0000,150
443000,1.0000,150
443100,0.7422,240
443200,1.0000,150
443300,0.6458,273
443400,1.0000,150
443500,0.6436,274
443600,1.0000,150
443700,1.0000,150
443800,0.7906,223
443900,1.0000,150
444000,1.0000,150
444100,0.6509,272
444200,1.0000,150
444300,0.6684,266
444400,1.0000,150
444500,1.0000,150
444600,0.6504,272
444700,1.0000,150
444800,0.5559,305
444900,1.0000,150
445000,0.5757,298
445100,0.2865,399
445200,0.3119,390
445300,1.0000,150
445400,0.6534,271
445500,0.3473,378
445600,0.3692,370
445700,1.0000,150
445800,1.0000,150
445900,0.6674,266
446000,1.0000,150
446100,1.0000,150
446200,0.6668,266
446300,0.3598,374
446400,1.0000,150
446500,0.6665,266
446600,1.0000,150
446700,1.0000,150
446800,0.6607,268
446900,0.3724,369
447000,0.3442,379
447100,0.2276,420
447200,0.2732,404
447300,0.1779,437
447400,0.3687,370
447500,0.3344,382
447600,1.0000,150
447700,0.4431,344
447800,0.4167,354
447900,0.3388,381
448000,1.0000,150
448100,0.3663,371
448200,0.3195,388
448300,0.3884,364
448400,1.0000,150
448500,0.3697,370
448600,0.3616,373
448700,0.3039,393
448800,0.3317,383
448900,0.3403,380
449000,1.0000,150
449100,0.3700,370
449200,0.3432,379
449300,0.4170,354
449400,1.0000,150
449500,0.4285,350
449600,1.0000,150
449700,1.0000,150
449800,0.7039,253
449900,0.4198,353
450000,1.0000,150
450100,1.0000,150
450200,1.0000,150
450300,0.7791,227
450400,1.0000,150
450500,1.0000,150
450600,0.6775,262
450700,1.0000,150
450800,0.6818,261
450900,1.0000,150
451000,1.0000,150
451100,0.6778,262
451200,1.0000,150
451300,0.2605,408
451400,1.0000,150
451500,0.6737,264
451600,1.0000,150
451700,0.6725,264
451800,1.0000,150
451900,0.6832,260
452000,1.0000,150
452100,1.0000,150
452200,0.6805,261
452300,1.0000,150
452400,1.0000,150
452500,0.6951,256
452600,0.3242,386
452700,1.0000,150
452800,1.0000,150
452900,0.6880,259
453000,1.0000,150
453100,0.6685,266
453200,1.0000,150
453300,1.0000,150
453400,0.6867,259
453500,1.0000,150
453600,1.0000,150
453700,0.6743,263
453800,0.3983,360
453900,1.0000,150
454000,0.2623,408
454100,1.0000,150
454200,0.6846,260
454300,1.0000,150
454400,1.0000,150
454500,0.6729,264
454600,0.3536,376
454700,1.0000,150
454800,1.0000,150
454900,0.6295,279
455000,1.0000,150
455100,0.6847,260
455200,1.0000,150
455300,1.0000,150
455400,1.0000,150
455500,0.7830,225
455600,1.0000,150
455700,0.6611,268
455800,1.0000,150
455900,0.6666,266
456000,1.0000,150
456100,1.0000,150
456200,0.5976,290
456300,0.0396,486
456400,0.6424,275
456500,1.0000,150
456600,1.0000,150
456700,1.0000,150
456800,0.7935,222
456900,1.0000,150
457000,0.6924,257
457100,1.0000,150
457200,1.0000,150
457300,0.6789,262
457400,1.0000,150
457500,1.0000,150
457600,0.6744,263
457700,1.0000,150
457800,0.6633,267
457900,1.0000,150
458000,1.0000,150
458100,0.6862,259
458200,0.2186,423
458300,1.0000,150
458400,1.0000,150
458500,0.7227,247
458600,1.0000,150
458700,0.4090,356
458800,0.3949,361
458900,0.3953,361
459000,1.0000,150
459100,0.4007,359
459200,0.4056,358
459300,1.0000,150
459400,0.3909,363
459500,0.3774,367
459600,1.0000,150
459700,0.3871,364
459800,0.3369,382
459900,0.3164,389
460000,0.3715,369
460100,0.3249,386
460200,1.0000,150
460300,0.3823,366
460400,0.3893,363
460500,0.3690,370
460600,1.0000,150
460700,0.4010,359
460800,0.4055,358
460900,1.0000,150
461000,0.3941,362
461100,0.4314,349
461200,1.0000,150
461300,0.3651,372
461400,0.3859,364
461500,1.0000,150
461600,1.0000,150
461700,0.6879,259
461800,1.0000,150
461900,0.6788,262
462000,1.0000,150
462100,1.0000,150
462200,0.6180,283
462300,0.3258,385
462400,1.0000,150
462500,1.0000,150
462600,0.5996,290
462700,1.0000,150
462800,0.6098,286
462900,1.0000,150
463000,0.6745,263
463100,1.0000,150
463200,0.6572,269
463300,1.0000,150
463400,1.0000,150
463500,0.6847,260
463600,1.0000,150
463700,0.6878,259
463800,1.0000,150
463900,0.3001,394
464000,1.0000,150
464100,0.6358,277
464200,1.0000,150
464300,0.6977,255
464400,1.0000,150
464500,1.0000,150
464600,0.6708,265
464700,1.0000,150
464800,0.6753,263
464900,1.0000,150
465000,1.0000,150
465100,0.6833,260
465200,1.0000,150
465300,1.0000,150
465400,0.7591,234
465500,1.0000,150
465600,1.0000,150
465700,0.6933,257
465800,1.0000,150
465900,0.5943,292
466000,1.0000,150
466100,1.0000,150
466200,0.6570,270
466300,0.3671,371
466400,0.3459,378
466500,1.0000,150
466600,0.6046,288
466700,1.0000,150
466800,0.6636,267
466900,1.0000,150
467000,1.0000,150
467100,0.6775,262
467200,1.0000,150
467300,0.6691,265
467400,1.0000,150
467500,1.0000,150
467600,0.6739,264
467700,0.3274,385
467800,1.0000,150
467900,1.0000,150
468000,0.6104,286
468100,1.0000,150
468200,0.6698,265
468300,1.0000,150
468400,1.0000,150
468500,0.7854,225
468600,1.0000,150
468700,1.0000,150
468800,0.6985,255
468900,1.0000,150
469000,1.0000,150
469100,1.0000,150
469200,0.7732,229
469300,1.0000,150
469400,0.4559,340
469500,0.4075,357
469600,1.0000,150
469700,1.0000,150
469800,0.5440,309
469900,0.3070,392
470000,0.3233,386
470100,1.0000,150
470200,0.6763,263
470300,1.0000,150
470400,0.3282,385
470500,1.0000,150
470600,0.6928,257
470700,1.0000,150
470800,1.0000,150
470900,0.6886,258
471000,1.0000,150
471100,1.0000,150
471200,0.6729,264
471300,0.3743,368
471400,1.0000,150
471500,1.0000,150
471600,0.6946,256
471700,1.0000,150
471800,1.0000,150
471900,0.6895,258
472000,1.0000,150
472100,1.0000,150
472200,0.6626,268
472300,1.0000,150
472400,0.5583,304
472500,1.0000,150
472600,0.6427,275
472700,1.0000,150
472800,1.0000,150
472900,0.7867,224
473000,1.0000,150
473100,1.0000,150
473200,0.6668,266
473300,1.0000,150
473400,1.0000,150
473500,0.6741,264
473600,1.0000,150
473700,0.6033,288
473800,0.3755,368
473900,0.3325,383
474000,1.0000,150
474100,0.3349,382
474200,0.2961,396
474300,0.2340,418
474400,0.3049,393
474500,0.2865,399
474600,1.0000,150
474700,0.3184,388
474800,0.3852,365
474900,0.4404,345
475000,1.0000,150
475100,1.0000,150
475200,0.6455,274
475300,0.3677,371
475400,0.3830,365
475500,1.0000,150
475600,0.4013,359
475700,0.3404,380
475800,0.1821,436
475900,1.0000,150
476000,0.3213,387
476100,0.3536,376
476200,0.3671,371
476300,0.3706,370
476400,1.0000,150
476500,0.3262,385
476600,1.0000,150
476700,0.6599,269
476800,1.0000,150
476900,1.0000,150
477000,0.6666,266
477100,0.3662,371
477200,1.0000,150
477300,1.0000,150
477400,0.6579,269
477500,1.0000,150
477600,0.6196,283
477700,1.0000,150
477800,0.6503,272
477900,1.0000,150
478000,0.6613,268
478100,1.0000,150
478200,1.0000,150
478300,1.0000,150
478400,0.7307,244
478500,0.2344,417
478600,1.0000,150
478700,0.6195,283
478800,1.0000,150
478900,0.6629,267
479000,1.0000,150
479100,1.0000,150
479200,0.6704,265
479300,1.0000,150
479400,0.6571,270
479500,1.0000,150
479600,1.0000,150
479700,0.6572,269
479800,1.0000,150
479900,0.6353,277
480000,1.0000,150
480100,0.6085,287
480200,1.0000,150
480300,0.6400,276
480400,0.6046,288
480500,1.0000,150
480600,0.6386,276
480700,0.2431,414
480800,1.0000,150
480900,0.5827,296
481000,1.0000,150
481100,1.0000,150
481200,0.7323,243
481300,0.6096,286
481400,1.0000,150
481500,0.6057,288
481600,1.0000,150
481700,1.0000,150
481800,0.7715,229
481900,0.3909,363
482000,1.0000,150
482100,0.3300,384
482200,1.0000,150
482300,0.6641,267
482400,1.0000,150
482500,1.0000,150
482600,0.6787,262
482700,0.3703,370
482800,1.0000,150
482900,1.0000,150
483000,0.6663,266
483100,1.0000,150
483200,1.0000,150
483300,1.0000,150
483400,0.7791,227
483500,1.0000,150
483600,0.6698,265
483700,1.0000,150
483800,0.2674,406
483900,1.0000,150
484000,0.6762,263
484100,1.0000,150
484200,1.0000,150
484300,1.0000,150
484400,0.7927,222
484500,1.0000,150
484600,0.5496,307
484700,1.0000,150
484800,0.6660,266
484900,1.0000,150
485000,0.6338,278
485100,1.0000,150
485200,0.3488,377
485300,1.0000,150
485400,0.6472,273
485500,1.0000,150
485600,1.0000,150
485700,0.7694,230
485800,0.3360,382
485900,1.0000,150
486000,1.0000,150
486100,0.6806,261
486200,1.0000,150
486300,1.0000,150
486400,0.6617,268
486500,1.0000,150
486600,1.0000,150
486700,0.7776,227
486800,1.0000,150
486900,1.0000,150
487000,0.6943,257
487100,1.0000,150
487200,1.0000,150
487300,0.6919,257
487400,1.0000,150
487500,1.0000,150
487600,0.6738,264
487700,0.3918,362
487800,1.0000,150
487900,0.6186,283
488000,0.2215,422
488100,0.3083,392
488200,1.0000,150
488300,0.3671,371
488400,0.4107,356
488500,0.3968,361
488600,1.0000,150
488700,0.3725,369
488800,0.3615,373
488900,0.3397,381
489000,1.0000,150
489100,0.3417,380
489200,0.4074,357
489300,0.4080,357
489400,1.0000,150
489500,0.3867,364
489600,0.4051,358
489700,0.3254,386
489800,1.0000,150
489900,0.3795,367
490000,0.3717,369
490100,1.0000,150
490200,0.3724,369
490300,0.3889,363
490400,0.3523,376
490500,1.0000,150
490600,0.3951,361
490700,0.3847,365
490800,1.0000,150
490900,0.0000,500
491000,0.5547,305
491100,0.2901,398
491200,1.0000,150
491300,1.0000,150
491400,1.0000,150
491500,0.7876,224
491600,1.0000,150
491700,1.0000,150
491800,0.6782,262
491900,1.0000,150
492000,0.6807,261
492100,1.0000,150
492200,1.0000,150
492300,0.6553,270
492400,0.4164,354
492500,0.3716,369
492600,1.0000,150
492700,1.0000,150
492800,0.6275,280
492900,1.0000,150
493000,0.6740,264
493100,1.0000,150
493200,1.0000,150
493300,0.6825,261
493400,1.0000,150
493500,0.6829,260
493600,1.0000,150
493700,1.0000,150
493800,0.6806,261
493900,1.0000,150
494000,0.6693,265
494100,1.0000,150
494200,0.3657,372
494300,1.0000,150
494400,0.6848,260
494500,1.0000,150
494600,1.0000,150
494700,1.0000,150
494800,0.7739,229
494900,1.0000,150
495000,0.4644,337
495100,0.3631,372
495200,0.4114,356
495300,1.0000,150
495400,0.3581,374
495500,0.3949,361
495600,0.3674,371
495700,1.0000,150
495800,0.4266,350
495900,0.3910,363
496000,1.0000,150
496100,0.3790,367
496200,0.2427,415
496300,0.3218,387
496400,0.2753,403
496500,0.2976,395
496600,0.3560,375
496700,0.2312,419
496800,0.3291,384
496900,0.3411,380
497000,0.2791,402
497100,0.3829,365
497200,0.2935,397
497300,1.0000,150
497400,0.3172,388
497500,0.3738,369
497600,1.0000,150
497700,0.6682,266
497800,0.0000,500
497900,0.3850,365
498000,1.0000,150
498100,1.0000,150
498200,1.0000,150
498300,0.7950,221
498400,1.0000,150
498500,1.0000,150
498600,0.6830,260
498700,1.0000,150
498800,1.0000,150
498900,0.6939,257
499000,1.0000,150
499100,0.6197,283
499200,1.0000,150
499300,1.0000,150
499400,0.6601,268
499500,0.3882,364
499600,1.0000,150
499700,0.3771,368
499800,1.0000,150
499900,1.0000,150
